Sample,Total_Duration,Total_duration_at_mid_gate,SpecifySystem,DeploySystem,DesignHardware,PrototypeHardware,TestHardware,ManufactureHardware,DesignSoftware,ImproveSoftware,ReleaseSoftware,DesignDocumentation,DesignTraining,PrepareCertification,TrainOperators,FinalizeCertification,Status
1,118.69000000000001,64.63,8.32,4.2,10.52,6.55,1.66,9.25,13.98,8.61,8.87,7.19,5.9,10.51,7.22,15.91,0
2,113.33,59.05,8.24,5.24,8.89,6.09,2.11,11.3,14.89,8.98,8.19,6.11,5.33,7.39,6.93,13.64,1
3,115.90000000000002,60.09,7.76,5.0,8.9,4.43,2.46,9.08,13.27,8.79,8.68,7.86,4.26,11.15,7.45,16.81,0
4,110.46999999999998,57.93,8.7,5.32,9.91,4.31,1.8,8.61,13.17,9.32,9.44,6.16,4.75,9.13,7.55,12.3,1
5,110.67,58.88,7.86,7.27,8.9,6.13,1.1,8.43,17.84,8.13,8.97,5.51,4.77,6.77,6.59,12.4,1
6,120.28999999999998,60.85,6.9,6.24,11.72,7.53,2.54,11.29,13.02,8.74,9.3,5.94,4.97,8.23,6.71,17.16,0
7,120.62,66.76,7.81,5.07,8.95,6.92,1.94,10.31,19.45,8.79,9.46,7.41,4.62,9.66,6.88,13.35,0
8,120.79000000000002,65.36,8.6,6.66,10.06,5.73,2.94,11.13,18.81,9.86,8.69,4.67,5.4,9.15,6.8,12.29,0
9,111.01,59.35,8.52,5.86,9.97,4.4,1.8,10.52,16.83,8.82,8.84,6.31,4.58,6.94,6.57,11.05,1
10,125.49000000000001,66.7,8.82,6.7,10.15,5.93,1.87,9.87,17.95,9.56,8.96,7.05,5.12,9.81,6.19,17.51,0
11,118.68,58.14,7.51,7.0,10.86,6.66,2.36,10.94,12.97,9.01,8.25,5.66,4.36,7.76,7.18,18.16,0
12,125.77,67.95,7.31,6.73,11.13,6.64,2.14,9.23,18.86,9.27,8.61,7.52,5.71,8.64,7.12,16.86,0
13,125.40999999999998,66.28,9.2,6.43,11.18,5.03,2.82,10.61,13.95,8.07,8.74,6.6,5.64,11.86,7.39,17.89,0
14,118.13999999999999,59.79,7.34,6.88,9.4,7.13,2.43,10.47,13.16,9.17,8.2,5.27,5.77,9.29,7.61,16.02,0
15,108.74000000000001,55.1,8.21,6.65,10.04,5.81,1.14,9.21,13.28,8.8,9.68,5.62,4.36,6.64,6.29,13.01,1
16,113.92999999999998,57.13,6.75,5.26,10.32,4.76,2.95,9.95,12.94,8.08,8.27,6.23,4.63,8.55,6.61,18.63,1
17,121.85,63.03,8.56,7.46,8.84,5.86,1.84,9.59,18.13,8.99,8.79,5.11,5.19,9.5,6.84,17.15,0
18,122.87,67.69,7.84,7.22,9.02,6.45,2.05,8.48,19.66,8.81,8.5,7.25,5.76,9.66,7.58,14.59,0
19,117.21000000000001,62.01,7.59,5.0,9.58,7.14,2.82,11.68,17.16,8.72,8.57,5.68,5.14,6.9,6.57,14.66,0
20,124.86000000000001,64.0,9.29,7.05,9.18,7.72,2.32,11.01,15.77,9.0,8.71,5.51,5.75,8.46,6.22,18.87,0
21,114.98000000000002,57.86,6.26,5.91,10.18,6.1,2.16,8.79,13.65,8.62,9.45,5.54,4.42,9.55,7.07,17.28,1
22,117.86000000000001,58.33,7.39,5.01,9.47,4.58,1.6,9.54,15.8,9.1,9.28,5.75,5.12,8.62,7.62,18.98,0
23,119.22,64.7,8.03,4.87,10.25,6.83,1.46,9.77,18.08,9.3,9.35,5.86,4.54,9.65,7.34,13.89,0
24,118.69,64.77,6.98,5.57,10.72,5.79,2.33,10.3,17.5,9.76,8.41,6.32,5.21,9.92,7.47,12.41,0
25,113.77999999999999,62.81,7.58,5.72,9.55,7.58,1.97,9.95,17.93,8.69,9.24,6.18,4.52,7.5,6.81,10.56,1
26,121.72,63.51,7.88,5.4,10.45,7.71,1.96,11.83,13.89,8.65,9.34,7.2,5.41,9.01,6.24,16.75,0
27,118.96999999999998,62.98,8.7,5.98,11.4,7.55,1.89,9.69,15.64,8.98,8.38,6.78,4.36,6.66,6.74,16.22,0
28,110.22000000000001,58.05,6.47,4.29,10.95,4.92,1.43,9.96,14.32,9.32,9.74,5.59,4.86,9.51,7.46,11.4,1
29,115.96,63.67,7.61,5.17,10.93,5.93,2.01,9.31,15.81,8.81,8.1,6.43,5.34,9.61,6.5,14.4,0
30,121.83999999999999,62.75,6.97,7.16,10.53,7.17,2.68,11.26,16.22,9.26,8.08,5.99,4.76,8.43,7.59,15.74,0
31,119.91000000000001,63.43,8.58,6.1,10.76,6.55,1.83,9.85,12.99,8.61,8.33,7.22,5.62,9.88,6.51,17.08,0
32,107.3,55.72,6.85,4.28,10.21,5.32,2.15,9.82,14.44,8.86,9.25,4.57,4.67,7.51,6.88,12.49,1
33,116.58,63.68,7.68,4.63,11.06,7.31,2.56,10.27,14.09,8.87,9.06,6.99,5.67,8.32,6.51,13.56,0
34,116.84,61.04,7.66,7.61,10.5,5.14,2.3,11.57,17.76,8.63,8.56,4.09,5.11,8.48,6.33,13.1,0
35,117.99000000000002,61.9,8.11,6.13,10.39,7.1,2.66,10.59,15.66,8.53,8.46,4.4,5.37,8.21,7.51,14.87,0
36,119.06000000000003,62.77,8.73,7.26,9.39,5.2,1.46,8.55,18.6,9.19,8.58,5.48,5.37,8.54,7.01,15.7,0
37,118.06000000000002,59.34,6.89,6.21,10.67,5.76,2.23,11.13,15.73,9.08,8.57,5.83,5.72,6.51,7.65,16.08,0
38,116.72000000000001,63.45,8.96,7.12,10.32,5.66,1.18,8.68,19.08,8.96,9.48,6.09,4.93,7.23,6.17,12.86,0
39,115.81,59.56,8.66,4.67,11.02,4.73,2.02,9.57,14.83,8.71,8.3,5.55,4.37,8.38,7.06,17.94,0
40,113.49000000000001,60.18,9.82,6.35,8.77,6.91,1.92,9.28,13.56,8.64,8.9,5.28,5.18,8.74,7.72,12.42,1
41,117.97000000000001,62.46,7.58,6.33,11.18,5.25,1.96,10.72,14.36,8.7,8.87,6.59,5.28,10.26,6.99,13.9,0
42,121.0,62.75,7.32,4.69,8.66,6.63,1.93,10.1,17.25,9.77,9.89,7.16,4.29,9.51,7.94,15.86,0
43,122.13999999999999,65.82,8.94,5.95,8.77,5.46,1.74,9.28,18.05,9.38,9.22,6.6,5.53,10.73,6.86,15.63,0
44,116.32000000000001,55.42,6.79,6.5,9.95,4.98,1.4,10.67,13.57,8.45,9.22,7.01,4.62,7.1,7.08,18.98,0
45,125.61,69.34,9.01,5.67,10.29,7.34,2.49,10.39,18.3,8.8,9.13,7.27,5.76,8.88,6.4,15.88,0
46,110.79,56.74,6.35,5.49,8.76,7.1,2.11,8.74,13.74,8.2,9.48,4.93,5.06,8.69,7.28,14.86,1
47,114.16000000000001,58.57,6.97,5.45,9.58,6.34,1.78,10.92,18.1,9.51,8.59,4.19,5.16,6.45,7.25,13.87,1
48,121.04999999999998,66.57,6.4,6.18,11.48,6.93,1.9,8.51,17.32,9.66,9.91,7.55,5.83,9.16,7.4,12.82,0
49,124.13999999999999,63.38,6.92,6.05,10.7,4.43,1.86,10.86,17.1,9.27,9.02,5.93,4.92,11.52,6.38,19.18,0
50,117.22,59.73,8.65,5.35,8.47,7.16,1.25,9.8,18.56,8.97,8.47,4.59,4.23,6.82,6.86,18.04,0
51,114.35,61.66,8.0,6.54,10.37,4.99,1.26,8.8,15.79,8.76,8.84,7.61,4.21,9.43,6.45,13.3,1
52,119.62,62.13,7.15,5.87,10.39,6.88,2.43,11.36,16.28,9.51,9.85,5.18,4.39,9.43,6.75,14.15,0
53,106.06,56.72,9.02,7.04,9.46,5.84,1.43,8.55,13.76,8.18,8.54,6.14,4.26,6.81,6.55,10.48,1
54,118.73,62.9,8.44,6.37,9.33,5.5,1.47,9.22,18.34,9.83,9.69,4.98,4.65,10.19,6.83,13.89,0
55,112.52000000000001,56.26,7.66,7.4,8.58,4.61,1.31,8.59,12.21,9.16,9.04,7.13,4.9,9.86,7.17,14.9,1
56,109.53999999999999,56.16,6.61,7.56,8.32,5.27,1.46,8.77,17.41,9.38,9.39,5.93,4.5,6.66,7.17,11.11,1
57,115.28,63.3,7.12,5.91,10.12,7.09,2.74,9.95,17.0,9.29,9.0,5.7,4.27,9.26,6.67,11.16,1
58,118.21999999999998,61.27,9.29,4.46,8.93,7.58,1.68,11.62,16.48,9.29,9.8,5.6,4.67,7.04,7.73,14.05,0
59,118.75,61.77,9.27,5.74,8.83,6.19,1.53,9.44,17.15,8.66,8.9,5.01,5.3,8.49,6.63,17.61,0
60,109.7,58.09,6.99,4.81,9.95,4.73,1.15,9.72,12.31,8.38,9.24,6.98,5.28,10.7,7.27,12.19,1
61,117.19999999999999,60.68,9.23,5.26,10.63,5.96,2.25,10.16,13.01,8.83,8.66,5.99,4.59,9.02,7.15,16.46,0
62,119.9,61.84,6.87,4.72,9.49,7.01,2.19,10.38,18.27,8.92,9.64,5.46,5.01,7.54,7.01,17.39,0
63,124.00999999999998,65.88,8.9,5.55,8.24,4.62,1.59,8.1,19.43,8.6,9.49,6.93,5.49,10.68,6.67,19.72,0
64,115.05,61.98,9.33,4.58,10.32,6.67,2.19,11.33,13.93,8.73,8.75,6.52,4.41,8.61,6.65,13.03,1
65,121.54000000000002,63.64,8.59,5.55,9.15,5.19,2.57,10.65,16.73,8.06,9.34,5.54,4.5,11.37,6.71,17.59,0
66,114.83,57.63,7.57,4.59,9.05,5.41,2.14,9.09,16.02,8.64,9.06,5.14,5.42,6.88,6.52,19.3,1
67,127.92,66.08,8.66,6.97,10.68,6.94,2.49,9.75,14.29,9.46,9.3,7.1,5.22,10.7,7.14,19.22,0
68,113.25,59.78,8.83,6.76,10.32,6.51,1.88,10.03,15.07,8.63,9.48,5.54,5.41,6.22,6.08,12.49,1
69,122.81,65.5,8.93,4.95,10.98,5.45,1.92,8.03,17.89,8.79,9.68,7.49,5.03,7.81,7.49,18.37,0
70,111.69999999999999,60.7,8.85,5.36,9.39,4.83,2.2,9.95,15.4,9.09,8.56,7.64,4.24,8.15,7.86,10.18,1
71,122.33999999999997,65.12,9.38,4.75,9.81,6.63,1.98,10.46,16.78,9.0,9.28,6.24,4.59,9.71,7.82,15.91,0
72,120.63000000000001,63.0,8.96,7.69,9.7,5.31,1.39,9.48,18.15,9.32,9.63,7.37,5.29,6.83,7.73,13.78,0
73,120.37,62.24,8.63,5.77,8.89,6.15,2.53,9.7,15.36,8.79,8.73,4.14,5.92,10.62,7.34,17.8,0
74,122.32000000000001,67.7,8.9,5.97,11.67,6.6,1.99,8.91,17.04,8.7,9.46,6.02,5.23,10.25,7.7,13.88,0
75,118.29,63.15,8.3,7.14,9.29,6.83,2.37,8.88,15.26,8.33,8.68,7.05,4.22,9.83,6.7,15.41,0
76,113.00999999999999,59.72,7.84,4.72,10.38,5.94,2.77,10.02,12.75,9.17,9.49,5.43,4.47,10.14,7.05,12.84,1
77,120.89,62.12,8.11,7.38,10.41,6.05,1.28,8.34,13.82,8.66,8.55,6.57,5.15,10.73,7.47,18.37,0
78,113.19000000000001,59.02,6.81,6.56,8.9,6.12,1.66,8.78,15.65,9.65,8.7,5.53,5.59,8.76,7.83,12.65,1
79,127.18999999999998,66.3,7.74,6.55,11.72,5.51,2.78,9.65,16.52,9.2,9.37,6.35,5.38,10.3,7.71,18.41,0
80,113.69999999999999,60.84,7.83,6.01,11.52,7.8,1.69,9.4,16.01,9.25,9.03,4.97,4.89,6.13,6.8,12.37,1
81,115.50999999999999,60.48,8.27,6.31,9.02,7.19,1.69,10.94,14.85,8.86,9.45,6.75,5.14,7.57,6.17,13.3,1
82,124.82,63.6,7.55,6.5,11.6,7.38,1.61,11.77,16.78,8.58,8.79,6.55,5.43,6.7,6.85,18.73,0
83,114.91999999999999,61.83,7.49,5.93,11.02,5.45,1.68,9.95,17.14,9.28,8.81,4.76,5.6,8.69,6.44,12.68,1
84,115.37,58.46,6.67,6.03,10.35,5.99,1.55,9.02,17.09,8.23,9.3,4.67,5.43,6.71,6.37,17.96,1
85,120.69,60.83,7.77,7.42,10.0,6.38,1.53,10.51,12.39,8.16,8.06,6.96,5.36,10.44,7.39,18.32,0
86,120.47000000000001,61.54,9.07,5.09,11.07,6.37,1.41,10.17,12.6,8.57,8.65,5.56,5.31,10.15,7.61,18.84,0
87,115.47,59.13,8.17,6.68,9.48,4.49,2.51,9.07,13.4,9.03,9.47,6.51,4.8,9.77,6.69,15.4,1
88,112.85999999999999,55.01,7.07,6.88,10.47,5.18,1.83,10.75,14.38,8.38,8.77,4.34,5.46,6.28,6.3,16.77,1
89,121.85000000000002,60.15,8.73,7.46,11.74,5.52,1.43,10.19,14.63,9.65,9.79,6.31,4.56,7.23,6.81,17.8,0
90,117.39999999999998,62.84,9.58,4.34,8.74,5.13,2.3,9.62,18.06,9.6,9.1,7.58,4.8,6.65,7.52,14.38,0
91,119.95999999999998,59.38,8.07,5.74,9.94,4.84,1.63,10.28,12.33,8.44,8.83,7.66,5.0,9.91,7.77,19.52,0
92,117.28999999999999,59.53,6.35,4.95,9.78,5.45,2.05,9.5,16.41,8.84,9.34,5.26,4.91,9.32,7.24,17.89,0
93,116.49000000000001,61.55,7.73,6.02,9.41,7.1,2.31,11.81,13.87,8.87,9.53,5.69,4.38,11.06,6.26,12.45,0
94,115.69,58.64,8.08,7.18,9.15,5.9,1.22,8.54,15.89,9.36,8.98,6.42,4.91,7.07,7.45,15.54,1
95,113.99000000000001,64.03,7.19,5.12,8.82,6.79,1.25,8.26,18.25,9.4,9.04,5.62,5.51,10.6,6.92,11.22,1
96,119.60999999999999,65.5,7.71,7.63,8.73,6.51,2.33,9.41,19.89,8.72,9.19,4.6,4.6,11.13,6.79,12.37,0
97,117.19000000000001,62.96,9.47,7.73,9.92,7.63,1.77,10.87,14.13,9.09,8.86,5.8,4.65,9.59,6.82,10.86,0
98,114.65999999999998,63.63,6.63,4.41,9.48,6.99,1.82,10.0,17.49,8.85,8.16,7.54,5.5,8.18,7.22,12.39,1
99,118.69,60.17,9.63,6.92,8.34,7.45,1.38,10.5,15.44,8.46,8.75,4.62,4.57,8.74,7.07,16.82,0
100,111.38,55.98,6.52,5.61,9.51,6.49,2.3,9.05,14.06,9.3,8.62,5.69,4.23,7.18,7.03,15.79,1
101,130.01,69.06,8.66,5.97,10.35,6.46,1.18,9.78,18.32,9.35,8.83,7.21,5.56,11.32,7.6,19.42,0
102,116.78999999999996,60.53,8.08,7.96,10.34,5.38,2.44,8.47,14.7,9.1,9.21,6.91,4.99,7.69,6.85,14.67,0
103,118.32000000000001,59.58,6.98,6.52,10.33,7.18,1.93,10.36,12.91,9.09,9.2,4.85,5.5,9.9,7.4,16.17,0
104,119.29999999999998,62.41,7.3,4.73,11.11,6.64,2.62,9.08,14.86,8.9,8.77,7.23,4.43,8.22,7.36,18.05,0
105,114.00999999999999,57.42,7.17,6.0,10.92,6.35,1.64,11.78,14.17,9.33,8.52,4.33,5.56,7.28,7.35,13.61,1
106,119.89000000000001,59.02,7.42,6.35,10.27,4.36,2.37,9.32,16.83,9.1,9.55,6.0,4.65,7.12,7.18,19.37,0
107,117.85999999999999,62.87,7.62,4.69,9.41,5.01,2.63,9.3,17.16,8.58,9.46,5.39,4.25,11.4,6.66,16.3,0
108,121.50999999999999,64.83,8.53,6.76,10.69,7.63,1.94,10.88,14.59,8.33,8.74,6.52,5.39,9.54,7.32,14.65,0
109,122.31,61.41,9.16,6.29,9.87,6.91,2.62,11.57,15.45,8.52,9.8,4.68,4.7,8.02,6.96,17.76,0
110,121.74,63.17,8.94,6.83,10.08,4.57,1.44,9.16,14.84,8.51,8.63,7.81,5.46,10.03,6.93,18.51,0
111,112.35,59.62,6.6,4.55,9.1,6.65,1.75,10.36,16.07,8.87,8.37,5.63,4.83,8.99,7.37,13.21,1
112,121.07999999999998,63.83,7.83,5.9,8.19,7.09,2.5,10.07,15.57,9.03,8.91,7.29,4.38,10.98,6.69,16.65,0
113,122.72000000000001,63.24,8.09,6.57,11.25,5.95,2.51,10.07,14.9,8.44,9.51,6.84,5.72,7.98,7.59,17.3,0
114,126.89000000000001,66.31,7.75,4.49,11.03,4.84,1.67,10.44,18.57,9.69,9.59,7.81,5.0,9.64,7.43,18.94,0
115,122.89999999999999,68.55,7.14,6.98,10.76,7.27,2.5,11.12,17.72,9.6,9.25,7.7,5.71,9.75,6.38,11.02,0
116,118.88,60.84,8.31,7.27,10.99,5.42,2.29,10.19,13.96,8.51,8.53,5.04,4.63,10.2,7.13,16.41,0
117,118.63,60.75,8.44,6.67,9.3,6.04,1.59,9.82,15.36,9.26,8.94,4.74,5.06,10.22,6.46,16.73,0
118,104.66,55.22,7.97,4.71,8.3,4.12,1.35,8.93,15.12,9.49,8.67,5.81,4.32,8.23,6.81,10.83,1
119,116.80999999999999,63.94,6.38,5.22,10.99,6.68,1.8,11.16,17.25,8.85,8.51,6.21,4.96,9.67,7.35,11.78,0
120,119.29,64.2,7.45,5.69,9.74,7.11,2.26,8.76,15.1,8.75,8.51,7.29,5.2,10.05,7.0,16.38,0
121,121.38,64.02,7.13,6.38,8.89,5.94,2.6,9.67,17.72,8.13,9.07,6.25,4.46,11.03,7.3,16.81,0
122,125.66000000000001,70.33,7.83,5.28,11.55,7.57,1.72,10.07,19.65,8.32,9.26,6.36,4.74,10.91,7.87,14.53,0
123,121.94000000000001,65.5,8.28,5.66,9.45,5.6,1.86,9.97,18.15,9.37,8.99,6.76,5.58,9.82,7.54,14.91,0
124,128.07,67.99,7.95,6.72,9.9,5.61,2.84,9.42,18.19,9.38,9.64,6.16,5.53,11.81,7.45,17.47,0
125,124.13,66.95,7.4,5.16,11.63,7.63,2.72,10.36,16.54,8.86,8.95,5.07,5.44,10.52,7.54,16.31,0
126,119.53000000000002,63.72,8.24,5.58,10.55,5.94,2.39,8.79,15.89,8.59,9.15,4.76,5.45,10.5,7.43,16.27,0
127,120.74,64.34,8.42,6.03,9.96,4.31,2.05,9.52,16.62,9.01,8.55,7.05,5.48,10.45,7.49,15.8,0
128,115.96,58.46,9.57,6.77,10.21,4.22,1.81,9.73,13.24,8.18,8.62,4.18,4.88,10.35,7.2,17.0,0
129,113.39999999999999,57.19,9.17,7.1,8.64,5.56,2.47,9.88,13.07,8.6,8.54,5.88,4.77,7.63,7.47,14.62,1
130,126.27000000000001,66.72,9.41,6.93,11.33,7.33,1.68,10.98,17.53,9.73,9.53,4.71,4.58,10.15,6.73,15.65,0
131,122.21000000000001,63.25,7.46,7.8,10.87,5.94,2.69,10.18,14.43,8.71,9.09,7.57,4.33,9.96,7.29,15.89,0
132,118.78999999999999,63.12,8.35,6.25,10.14,5.8,2.08,10.27,18.59,8.91,9.78,5.6,4.51,8.05,7.24,13.22,0
133,120.5,67.54,8.74,5.83,11.54,6.01,1.5,8.32,19.77,8.87,9.83,6.55,5.04,8.39,7.2,12.91,0
134,115.63000000000002,59.83,8.1,5.76,11.3,4.55,1.99,11.28,17.43,9.71,8.34,5.23,4.42,6.81,6.12,14.59,1
135,120.38000000000001,62.82,9.42,7.57,10.17,6.42,1.16,10.62,17.55,8.69,9.01,5.88,5.79,6.43,6.17,15.5,0
136,104.39999999999999,52.07,6.37,6.34,9.08,5.16,1.36,9.8,13.28,9.55,8.28,4.38,4.42,8.02,6.96,11.4,1
137,124.91999999999999,63.26,7.34,6.87,11.08,7.09,2.17,11.05,17.21,8.53,9.58,6.01,5.1,7.26,7.73,17.9,0
138,121.92,61.53,8.07,7.73,10.58,5.32,1.92,10.42,13.39,8.42,8.7,7.48,5.46,9.31,7.07,18.05,0
139,113.57000000000001,58.73,6.33,5.3,8.72,5.64,2.31,8.74,14.55,9.02,9.25,6.56,5.39,9.23,6.95,15.58,1
140,112.61000000000001,55.72,6.12,5.75,8.52,5.24,1.73,9.48,16.84,8.87,8.5,5.58,4.57,7.12,6.71,17.58,1
141,115.75,62.49,6.81,5.54,11.76,5.89,1.88,8.96,16.4,8.46,8.07,7.1,4.53,8.12,6.44,15.79,0
142,122.98000000000002,64.57,8.71,6.0,10.06,7.41,1.68,10.54,13.63,9.38,9.11,6.12,5.6,11.36,6.56,16.82,0
143,108.96000000000001,58.35,8.45,4.91,9.57,6.57,1.82,8.63,13.29,8.75,8.32,5.01,4.43,9.21,7.09,12.91,1
144,121.63000000000004,63.17,7.96,4.07,9.26,4.44,2.52,10.63,18.4,9.01,9.59,6.65,4.4,9.54,7.04,18.12,0
145,117.7,62.48,9.37,5.53,11.13,4.8,1.7,10.11,16.13,9.15,8.29,6.52,4.56,8.27,6.62,15.52,0
146,120.31,65.12,8.09,5.29,9.23,6.15,2.73,9.73,19.21,9.33,9.0,6.74,4.64,8.33,7.62,14.22,0
147,111.11000000000001,57.72,7.16,6.87,10.78,6.92,1.13,9.53,13.24,9.16,8.19,5.25,5.15,8.09,6.94,12.7,1
148,115.22999999999999,61.32,6.77,5.78,10.37,7.02,2.77,10.13,16.52,8.73,8.82,4.37,5.15,8.35,6.27,14.18,1
149,115.55000000000001,61.34,7.81,5.88,8.74,6.14,2.52,9.76,14.05,8.22,8.67,6.74,5.09,10.25,7.97,13.71,1
150,119.41,58.48,6.67,6.46,8.84,7.41,2.85,11.05,14.85,8.96,9.07,6.16,4.78,6.92,6.79,18.6,0
151,113.13000000000001,61.91,6.38,4.69,8.9,4.79,1.34,8.66,18.36,9.27,9.2,7.28,5.05,9.81,7.9,11.5,1
152,115.04999999999998,60.94,7.75,4.4,8.61,5.1,2.21,8.82,13.43,9.01,8.85,6.46,5.77,11.61,7.52,15.51,1
153,120.59000000000002,67.93,9.23,4.77,10.48,6.83,2.07,9.63,18.74,8.78,8.68,7.58,5.14,7.86,7.32,13.48,0
154,115.60000000000002,63.54,7.5,5.66,8.57,7.9,1.79,10.43,18.61,9.58,8.13,5.65,5.4,8.12,6.56,11.7,1
155,118.72,62.59,7.98,4.91,9.53,6.42,1.78,10.58,13.38,8.75,8.39,7.17,5.09,11.24,7.04,16.46,0
156,122.34,66.28,9.87,7.47,9.18,6.77,1.89,9.82,16.84,9.45,9.38,7.1,4.87,9.76,6.72,13.22,0
157,112.91000000000001,60.52,8.3,7.11,10.12,4.89,2.46,8.61,17.22,9.29,8.6,6.81,4.43,6.29,6.42,12.36,1
158,117.71,58.96,6.14,6.59,11.25,5.38,2.39,10.47,16.84,9.1,8.83,5.9,4.13,6.93,6.28,17.48,0
159,122.16000000000001,67.26,7.78,4.55,10.24,6.42,2.62,10.16,17.98,9.52,9.51,5.95,5.54,10.73,6.99,14.17,0
160,119.28000000000002,63.35,9.78,4.81,8.37,7.86,1.5,10.19,14.51,9.73,8.65,7.4,5.01,8.92,7.81,14.74,0
161,120.13,64.15,8.97,5.8,8.83,5.36,1.21,8.07,18.39,8.37,8.32,5.76,5.69,9.94,6.74,18.68,0
162,116.20999999999998,62.04,6.43,4.68,9.28,5.56,1.84,8.93,19.3,9.6,9.18,4.71,4.23,10.69,6.89,14.89,0
163,116.61000000000001,58.2,7.17,6.14,9.16,5.77,1.75,10.19,15.76,9.37,9.72,5.97,4.37,8.25,6.73,16.26,0
164,112.04000000000002,55.94,7.29,6.65,10.26,6.65,2.04,11.71,13.64,9.05,9.23,4.24,5.23,6.59,6.23,13.23,1
165,119.36,65.09,8.16,4.71,11.26,6.27,1.37,11.75,19.1,8.62,8.75,5.89,5.33,7.71,6.49,13.95,0
166,116.11999999999999,61.7,7.62,6.3,9.61,7.61,1.89,9.08,15.46,9.17,8.81,6.13,4.68,8.7,6.87,14.19,0
167,117.0,62.74,8.54,5.58,9.86,7.08,1.31,10.88,15.68,8.49,8.8,6.67,5.26,8.34,6.3,14.21,0
168,127.22000000000001,67.56,9.73,7.46,9.63,7.66,2.05,10.16,15.23,8.47,8.86,6.76,5.69,10.81,6.59,18.12,0
169,111.09000000000002,59.39,9.47,5.1,8.39,5.34,1.2,10.59,17.38,9.09,9.71,4.67,5.19,7.75,6.48,10.73,1
170,124.99999999999999,66.37,7.09,5.26,9.95,6.36,2.07,10.09,19.19,9.11,9.05,6.08,5.51,10.12,6.96,18.16,0
171,128.53,66.58,8.67,6.95,11.52,6.83,2.46,10.97,14.72,9.57,9.49,7.95,5.67,8.76,6.91,18.06,0
172,116.66,59.08,6.11,6.94,9.68,6.85,1.91,9.75,17.26,8.91,8.95,5.36,5.27,6.64,6.56,16.47,0
173,119.38999999999999,64.94,9.28,6.32,11.14,4.54,2.97,9.32,19.13,9.03,9.5,5.86,5.38,6.64,7.21,13.07,0
174,117.15000000000002,63.42,7.96,4.56,9.57,7.87,2.29,9.96,16.23,8.31,8.48,6.87,4.54,8.09,7.18,15.24,0
175,115.55,58.32,8.05,5.79,9.63,5.56,1.67,8.63,15.65,8.93,9.25,6.01,4.53,7.22,6.41,18.22,1
176,105.73,54.66,6.42,6.69,9.56,6.19,1.21,8.38,13.35,9.32,8.66,6.67,4.04,7.22,7.35,10.67,1
177,112.53,57.98,8.14,6.24,9.13,4.24,2.63,11.34,13.37,8.6,9.03,6.45,5.37,8.65,7.3,12.04,1
178,121.30999999999999,67.27,7.28,4.35,9.38,7.0,2.24,9.22,17.49,8.48,8.61,7.55,5.8,10.53,7.77,15.61,0
179,126.18,65.21,8.08,7.55,11.05,7.51,1.88,10.18,14.47,9.15,8.76,6.78,4.75,10.69,6.23,19.1,0
180,119.55000000000001,63.58,7.45,5.64,10.79,7.24,1.34,11.31,14.63,8.62,9.65,6.49,5.41,10.23,7.36,13.39,0
181,118.12,63.11,7.85,5.48,9.57,4.75,2.12,11.41,13.83,9.3,8.18,7.65,5.74,11.6,7.67,12.97,0
182,129.06,67.96,8.35,6.25,10.97,6.13,2.2,8.9,16.69,9.73,9.75,7.01,5.04,11.57,6.96,19.51,0
183,120.03,63.37,7.56,6.05,10.36,5.89,2.09,10.34,16.68,8.99,8.79,5.43,4.78,10.58,6.72,15.77,0
184,119.22999999999999,61.9,7.2,6.38,9.25,6.39,1.96,8.57,13.4,9.07,8.53,7.05,5.8,10.85,7.74,17.04,0
185,123.15,69.01,8.81,5.87,10.51,7.94,1.14,10.9,19.24,9.81,9.28,6.16,4.83,10.38,7.82,10.46,0
186,114.01,62.21,8.4,5.63,10.88,6.02,2.43,9.95,14.97,9.26,9.06,5.42,4.54,9.55,6.71,11.19,1
187,121.78999999999998,63.79,9.11,6.68,9.31,6.25,1.79,10.79,16.58,9.14,9.08,7.13,5.3,8.32,7.46,14.85,0
188,121.94,62.35,9.16,6.57,8.64,5.34,2.09,10.85,16.82,9.67,9.7,5.33,4.37,10.6,6.8,16.0,0
189,115.42999999999999,60.7,6.88,5.6,8.6,6.51,1.39,10.03,17.23,8.47,8.05,5.73,5.48,8.88,6.41,16.17,1
190,116.31,60.57,6.91,6.44,10.77,5.23,1.08,9.19,18.4,9.06,9.63,4.7,5.73,7.75,6.97,14.45,0
191,121.21999999999998,63.97,8.04,5.02,8.91,6.38,2.92,10.94,17.46,9.11,9.08,5.08,4.58,10.6,6.47,16.63,0
192,114.56000000000002,57.37,7.4,5.06,10.36,5.03,1.91,9.66,17.78,8.92,8.41,4.34,4.18,6.37,7.23,17.91,1
193,121.23,61.84,7.55,4.62,10.12,4.58,2.55,11.0,14.26,9.72,8.85,7.36,4.52,10.9,7.45,17.75,0
194,117.81,60.37,9.1,7.13,9.33,4.45,1.81,8.43,14.54,9.5,8.78,5.91,5.03,10.2,7.0,16.6,0
195,112.58,61.83,6.88,6.09,11.74,5.18,2.32,9.68,15.54,8.42,8.18,5.36,5.08,9.73,7.11,11.27,1
196,112.19999999999999,60.92,7.53,4.73,9.33,5.83,2.07,8.37,18.02,9.32,9.58,4.5,4.44,9.2,6.6,12.68,1
197,114.94,62.91,8.69,5.71,8.83,6.31,1.17,9.64,18.91,8.45,8.77,4.98,4.05,9.97,7.76,11.7,1
198,120.36000000000001,62.94,7.55,5.05,10.18,5.36,1.95,10.74,15.34,9.2,9.33,7.31,4.58,10.67,6.65,16.45,0
199,115.36,59.46,8.12,6.01,9.57,6.64,1.25,9.53,16.35,9.07,9.09,5.27,4.57,7.69,6.23,15.97,1
200,117.13000000000002,59.24,6.88,6.83,9.79,5.9,1.64,9.59,15.42,8.62,8.89,6.14,4.76,8.71,6.5,17.46,0
201,121.1,60.4,6.42,5.49,8.66,4.98,1.48,11.5,19.52,9.45,8.58,6.03,5.63,7.68,7.31,18.37,0
202,123.82,65.96,8.34,5.37,10.76,5.38,2.59,10.03,18.82,9.68,8.68,6.14,5.0,8.93,7.14,16.96,0
203,116.28000000000002,58.32,7.9,5.53,9.31,5.09,2.32,11.51,14.06,9.43,8.59,4.64,4.15,10.85,6.67,16.23,0
204,116.76000000000002,57.75,7.88,5.95,10.06,6.39,2.48,9.78,14.63,9.76,8.87,4.69,5.15,6.47,7.69,16.96,0
205,119.93,60.94,7.99,6.46,9.96,6.85,2.62,11.4,14.82,9.42,9.4,5.88,4.84,7.98,7.34,14.97,0
206,114.59000000000002,58.39,8.09,4.48,9.38,6.8,2.59,11.32,15.15,8.76,9.48,4.81,4.15,7.42,7.02,15.14,1
207,119.32999999999998,66.16,8.05,5.57,9.81,6.59,2.07,10.1,18.4,8.65,8.55,5.74,5.05,10.45,6.61,13.69,0
208,114.64,61.28,8.97,6.67,9.4,5.73,1.69,9.27,14.22,8.8,8.78,5.49,5.28,10.5,6.53,13.31,1
209,114.45000000000002,63.07,9.17,4.92,8.84,7.23,1.85,8.49,15.32,9.71,9.73,5.17,5.46,10.03,7.82,10.71,1
210,120.94,59.25,6.98,6.94,10.9,7.07,1.65,11.13,13.43,9.82,8.97,5.97,5.29,7.96,6.38,18.45,0
211,121.46,65.59,9.69,6.56,10.11,4.25,2.06,11.25,17.47,8.38,9.68,6.1,5.15,10.76,6.84,13.16,0
212,122.37,63.87,9.35,7.75,9.41,6.66,2.36,11.23,13.97,8.97,9.3,5.4,5.0,11.72,6.95,14.3,0
213,119.05999999999997,60.79,9.62,4.23,9.02,6.17,1.47,10.59,14.76,8.94,9.19,4.61,4.35,10.79,6.99,18.33,0
214,119.06,62.0,8.43,6.73,10.32,5.58,2.57,9.7,16.29,9.22,9.49,5.45,4.69,8.67,7.34,14.58,0
215,119.78000000000002,63.74,8.13,6.02,9.39,4.75,2.12,9.41,19.32,8.34,9.01,5.29,4.7,10.04,6.29,16.97,0
216,119.44999999999999,63.47,9.17,5.43,10.06,7.19,2.27,9.83,15.68,9.17,9.36,5.05,4.95,9.1,7.12,15.07,0
217,116.83000000000001,62.6,8.74,4.8,9.62,6.26,1.51,10.43,17.72,9.76,9.18,6.09,5.32,7.34,6.7,13.36,0
218,120.22,59.75,6.57,6.5,10.44,4.94,2.05,11.05,15.53,8.41,9.01,6.23,4.45,9.54,7.9,17.6,0
219,118.89999999999999,62.78,7.78,6.43,9.49,6.57,1.09,11.5,17.08,9.78,8.67,6.69,5.46,8.62,7.14,12.6,0
220,119.92000000000002,66.14,9.22,6.41,8.53,7.0,2.28,10.75,18.48,8.71,8.93,5.64,5.15,9.84,7.12,11.86,0
221,113.02000000000001,62.02,7.12,5.16,8.84,5.25,2.6,9.06,17.63,9.02,9.56,6.65,5.54,8.39,6.91,11.29,1
222,120.97999999999999,60.67,6.74,6.95,11.63,5.81,1.17,10.28,15.28,8.9,8.91,4.99,4.3,10.75,7.37,17.9,0
223,117.24000000000001,61.57,9.22,6.69,9.58,5.75,2.85,10.23,16.64,8.69,9.09,4.59,4.76,8.18,6.95,14.02,0
224,113.89999999999999,58.99,6.27,5.1,8.88,5.85,1.65,9.54,17.18,9.02,8.69,5.94,4.77,8.45,6.65,15.91,1
225,120.07,63.4,6.74,4.6,10.53,7.97,2.82,11.06,14.75,8.47,9.44,6.71,4.67,9.21,6.56,16.54,0
226,108.03,53.87,7.05,6.47,9.12,4.84,2.09,9.65,14.28,8.85,8.66,4.49,5.34,6.66,6.18,14.35,1
227,119.35999999999999,59.24,6.97,6.65,10.87,4.62,1.84,10.62,15.59,8.25,9.05,5.52,4.58,9.25,6.88,18.67,0
228,119.45,61.24,9.13,6.91,9.5,5.02,1.86,10.67,15.23,8.72,8.84,6.02,4.66,9.82,7.15,15.92,0
229,115.61,56.24,8.11,7.02,10.0,6.27,2.04,10.02,12.26,9.54,9.36,6.79,4.23,6.54,7.16,16.27,1
230,110.57,58.78,7.5,5.04,10.66,5.4,2.02,9.72,17.03,8.13,9.28,4.72,4.15,7.3,6.35,13.27,1
231,119.15999999999998,58.95,6.88,7.38,9.43,7.93,2.55,9.59,13.27,8.11,8.56,5.33,4.82,8.74,7.35,19.22,0
232,114.87999999999998,60.35,8.5,5.48,10.1,5.88,2.47,9.35,12.75,9.42,8.74,5.16,5.05,10.44,6.66,14.88,1
233,120.54999999999998,61.8,8.69,6.77,10.05,5.69,1.34,9.94,14.61,8.63,8.57,5.99,5.55,9.88,7.27,17.57,0
234,108.27000000000002,56.51,8.3,5.2,11.45,5.74,2.5,9.23,12.88,8.91,9.43,4.44,5.14,6.06,7.54,11.45,1
235,113.78000000000002,61.54,7.72,7.59,9.18,4.84,1.73,8.41,17.45,9.29,8.39,7.4,4.3,8.92,6.56,12.0,1
236,116.73999999999998,62.88,6.32,5.85,11.14,5.04,2.23,9.25,17.69,9.46,9.56,5.1,4.44,10.92,6.8,12.94,0
237,127.69,64.81,8.08,7.68,10.52,6.68,2.06,11.19,13.93,8.42,9.29,6.86,5.67,11.01,6.92,19.38,0
238,115.78000000000002,60.82,7.06,5.4,8.7,6.45,1.74,9.66,18.88,8.79,8.65,5.51,4.38,8.1,7.09,15.37,0
239,119.44999999999997,64.55,6.85,6.55,9.71,6.67,1.39,10.19,18.02,9.51,9.89,7.71,4.18,10.02,6.52,12.24,0
240,120.32999999999998,59.86,7.49,6.76,9.91,6.11,1.45,9.37,16.25,8.49,8.6,5.85,4.96,7.84,7.47,19.78,0
241,113.60000000000001,58.94,9.34,6.7,9.53,6.19,1.73,10.1,13.2,9.08,8.22,5.57,4.65,8.73,7.11,13.45,1
242,118.78999999999999,61.48,9.26,7.48,11.14,5.46,1.46,8.45,14.9,9.26,8.73,6.0,4.91,8.35,6.64,16.75,0
243,118.97000000000001,59.45,8.51,6.86,9.61,5.01,1.88,10.26,14.88,8.81,9.67,4.08,5.29,10.19,7.37,16.55,0
244,116.72000000000001,63.46,7.57,5.95,10.98,6.05,2.5,11.23,14.56,9.33,8.93,6.68,5.18,9.94,6.59,11.23,0
245,117.69,60.73,7.29,6.74,11.15,5.14,2.32,9.43,15.9,9.54,9.25,5.51,4.77,8.65,7.54,14.46,0
246,126.96,66.46,9.58,6.41,10.74,6.14,1.89,9.23,15.23,8.39,9.4,6.61,5.44,10.83,7.52,19.55,0
247,124.90000000000002,67.12,6.88,6.18,8.76,6.67,2.36,9.21,19.56,9.09,9.76,7.5,4.83,10.56,6.54,17.0,0
248,119.4,65.06,7.98,4.07,11.07,5.58,2.29,9.38,17.07,9.3,8.28,5.16,5.79,10.12,6.93,16.38,0
249,118.52000000000001,61.58,7.38,5.47,11.21,6.7,1.73,11.34,18.03,9.36,9.73,4.88,5.31,6.34,7.73,13.31,0
250,114.94,60.95,8.24,6.12,10.15,4.78,1.96,9.14,13.42,8.58,8.35,6.02,4.89,11.49,6.68,15.12,1
251,121.32,62.39,8.82,5.25,10.34,4.75,2.17,9.1,19.1,8.92,9.46,4.77,4.18,8.26,7.0,19.2,0
252,114.33999999999997,60.81,6.45,4.27,11.35,7.24,1.69,11.64,15.26,9.11,9.47,5.57,5.25,8.0,6.35,12.69,1
253,113.32000000000001,57.82,6.94,4.92,11.1,5.26,1.81,9.11,14.05,9.31,8.62,4.67,5.19,8.8,6.95,16.59,1
254,110.42999999999999,59.57,6.24,5.99,11.06,6.13,2.64,9.48,16.3,8.64,8.95,5.17,4.35,7.68,6.5,11.3,1
255,119.38,61.13,6.34,6.39,9.38,6.48,1.98,9.01,15.57,8.51,8.84,5.35,4.96,11.07,7.54,17.96,0
256,118.33999999999999,61.9,6.53,6.83,11.01,7.39,1.25,10.95,14.74,9.45,8.72,6.53,4.94,9.51,7.47,13.02,0
257,111.3,60.08,7.08,5.08,8.19,5.15,2.2,9.88,15.6,9.45,9.45,6.21,4.14,11.51,6.51,10.85,1
258,120.37,61.07,7.47,5.61,9.96,5.43,1.42,10.49,17.01,9.21,9.4,6.28,4.98,8.52,6.55,18.04,0
259,123.37999999999998,66.01,7.82,5.54,11.18,7.3,2.33,9.37,13.01,9.0,9.04,7.64,5.35,11.38,7.68,16.74,0
260,120.40000000000002,60.89,8.76,6.13,9.84,5.79,2.22,11.03,13.8,8.65,8.88,6.03,4.49,9.96,6.4,18.42,0
261,117.96000000000001,61.88,8.11,6.17,11.73,6.19,2.54,9.24,14.8,8.64,9.51,6.19,5.29,7.03,7.46,15.06,0
262,130.28,71.1,9.0,6.3,10.56,7.08,2.74,10.09,19.47,9.67,8.99,5.48,5.15,11.62,6.8,17.33,0
263,115.57000000000001,61.67,6.62,6.22,11.16,7.29,2.3,10.44,13.82,8.59,8.25,5.5,4.67,10.31,7.5,12.9,1
264,118.26000000000002,63.55,8.32,4.45,9.39,5.32,2.66,10.88,17.17,9.77,8.39,5.87,4.76,10.06,7.77,13.45,0
265,117.65999999999998,61.51,6.86,5.66,10.67,7.45,2.17,10.93,16.47,9.29,8.19,6.25,4.57,7.07,6.52,15.56,0
266,131.0,69.69,9.42,6.75,9.07,7.21,1.19,9.7,18.73,9.76,8.87,7.98,5.66,10.43,6.81,19.42,0
267,111.11000000000001,57.45,6.94,4.98,10.29,5.25,1.74,8.75,13.29,9.24,8.99,6.54,4.87,8.53,6.17,15.53,1
268,120.08999999999999,65.52,9.03,7.45,9.61,5.11,1.96,8.38,18.53,8.75,9.59,6.46,5.57,9.25,7.02,13.38,0
269,120.76,65.25,8.71,6.16,9.44,5.4,2.68,10.75,15.98,9.43,8.54,7.51,4.94,10.59,7.3,13.33,0
270,120.25,65.78,8.88,7.35,10.3,6.21,2.29,10.97,17.71,9.43,8.74,6.3,4.57,9.52,6.48,11.5,0
271,121.21999999999998,65.54,8.14,4.82,8.54,5.07,1.7,8.22,18.42,9.37,9.76,7.35,5.74,10.58,7.13,16.38,0
272,114.49999999999999,60.72,8.96,5.06,9.63,6.81,1.53,11.91,14.8,8.58,9.36,5.53,4.75,8.71,6.52,12.35,1
273,112.92,59.0,9.49,4.32,10.02,4.96,2.83,11.61,13.69,8.11,9.69,5.08,4.79,8.14,6.93,13.26,1
274,122.26000000000002,61.17,7.38,7.41,11.22,7.28,2.81,11.6,14.66,9.16,8.7,5.65,4.83,7.34,6.9,17.32,0
275,120.64999999999998,60.39,6.99,5.72,8.22,7.25,2.45,9.43,14.43,9.28,9.36,5.47,5.28,10.3,7.43,19.04,0
276,115.79000000000002,61.41,9.3,6.47,9.77,5.64,2.42,9.14,13.14,8.52,8.78,6.09,5.04,10.01,7.58,13.89,0
277,124.05000000000001,65.35,6.33,6.67,9.31,6.96,1.71,10.26,18.87,9.48,9.48,5.88,5.34,10.95,7.11,15.7,0
278,120.3,61.36,8.93,4.94,9.12,5.0,1.9,9.33,16.05,9.06,9.63,7.41,4.83,8.12,7.31,18.67,0
279,118.28999999999999,63.32,7.96,5.48,10.54,6.34,1.94,10.85,17.17,9.24,8.8,7.15,4.52,7.7,6.66,13.94,0
280,127.91,69.07,8.9,4.27,9.14,7.23,2.56,10.18,18.66,9.63,9.56,6.73,5.22,10.63,7.72,17.48,0
281,116.48,59.26,9.44,4.75,9.67,5.45,1.86,8.69,16.51,9.58,9.85,4.7,4.96,6.67,7.18,17.17,0
282,125.88,66.55,7.87,7.02,10.93,6.07,2.19,9.65,16.84,9.58,8.64,6.25,5.62,10.78,6.31,18.13,0
283,114.50999999999999,57.88,7.82,7.78,9.64,6.45,1.98,10.23,13.52,8.99,8.67,7.2,4.42,6.85,6.41,14.55,1
284,115.27,60.88,8.83,7.96,9.29,5.69,2.6,9.52,16.34,8.51,9.45,4.86,4.44,8.83,6.35,12.6,1
285,109.94,54.78,7.7,5.28,8.99,6.16,1.54,10.9,13.77,8.74,8.47,5.36,4.88,6.38,7.64,14.13,1
286,113.79,60.46,8.23,6.09,11.37,7.54,1.88,8.87,13.81,9.08,8.3,5.09,5.11,7.43,6.99,14.0,1
287,130.51000000000002,70.95,9.66,5.8,9.68,6.89,2.59,11.19,18.06,8.64,8.65,7.29,5.22,11.56,7.19,18.09,0
288,104.52000000000001,55.7,6.71,4.68,9.67,6.15,2.6,9.4,13.33,8.92,9.31,5.23,5.31,6.7,6.31,10.2,1
289,121.79,65.75,9.39,5.77,10.24,5.53,1.85,9.72,17.72,9.52,8.39,6.11,5.26,9.65,7.17,15.47,0
290,112.23999999999998,56.8,6.91,4.89,11.62,6.36,2.41,11.06,14.3,8.37,8.71,4.41,4.77,6.02,6.36,16.05,1
291,107.97,55.86,6.54,5.73,9.93,6.75,1.66,9.69,14.33,9.63,8.55,4.51,4.27,7.87,6.15,12.36,1
292,115.82999999999998,62.21,8.21,6.15,10.15,7.28,2.5,10.22,14.0,8.71,8.47,5.91,5.47,8.69,7.52,12.55,0
293,116.49000000000001,63.52,6.82,4.92,10.6,6.92,1.92,10.52,16.0,9.78,9.61,7.31,5.29,8.66,7.08,11.06,0
294,114.44000000000001,58.53,6.65,4.43,9.1,5.91,1.22,8.39,15.6,9.06,8.52,6.57,4.82,8.66,6.67,18.84,1
295,117.61,62.11,8.79,4.91,9.13,7.15,1.62,9.82,17.31,8.8,9.42,5.39,5.12,7.6,6.5,16.05,0
296,128.90999999999997,69.26,9.75,6.4,11.1,7.03,1.76,9.95,18.52,9.63,9.22,6.45,5.8,8.85,6.92,17.53,0
297,118.03,65.06,7.88,4.84,10.13,5.74,2.13,9.22,18.68,8.13,9.03,7.33,4.76,8.41,7.75,14.0,0
298,112.66,56.46,8.27,5.48,9.58,4.61,2.1,9.89,13.23,9.37,8.65,5.29,4.41,8.97,7.26,15.55,1
299,113.62999999999998,60.02,8.48,5.58,9.91,6.49,1.07,9.03,13.44,9.82,8.2,5.74,4.92,9.97,7.24,13.74,1
300,110.91000000000001,55.9,7.85,6.18,8.07,5.72,1.87,9.0,14.71,8.63,8.25,5.19,5.23,7.26,6.76,16.19,1
301,112.08000000000001,58.52,9.03,6.3,10.93,5.61,2.27,10.78,13.16,8.62,8.66,5.01,5.14,7.37,6.77,12.43,1
302,113.01999999999998,58.96,7.85,6.0,8.26,7.14,2.8,9.62,13.56,8.78,9.31,5.55,5.23,8.57,6.24,14.11,1
303,121.30000000000001,62.55,7.56,5.15,10.88,6.74,1.91,10.1,13.99,9.55,9.61,6.99,5.78,8.7,6.86,17.48,0
304,119.24000000000001,61.6,9.62,6.77,9.26,6.1,2.65,9.64,14.51,9.32,8.65,6.9,5.4,7.16,7.77,15.49,0
305,111.76,56.19,7.18,5.07,9.71,4.77,1.23,8.92,14.88,8.61,8.41,6.66,5.12,6.64,6.81,17.75,1
306,126.22999999999999,67.85,7.79,6.71,11.68,6.25,2.02,9.12,16.39,9.61,9.15,7.34,5.28,11.1,7.49,16.3,0
307,119.14000000000001,65.18,7.22,6.06,10.49,6.64,1.78,10.98,15.5,9.12,9.43,7.11,5.01,11.43,6.64,11.73,0
308,116.94999999999999,63.0,9.14,5.56,8.62,5.93,1.37,8.1,16.55,8.91,8.98,6.38,5.18,9.83,6.68,15.72,0
309,117.24000000000001,59.37,8.21,6.88,8.84,6.07,1.18,9.33,15.1,9.17,9.66,6.09,4.44,9.44,6.23,16.6,0
310,121.01,59.6,6.6,6.04,9.12,5.21,2.03,9.51,14.62,9.55,9.79,4.93,5.39,11.7,7.63,18.89,0
311,113.03,57.3,7.73,4.61,8.77,5.21,1.71,9.06,15.19,8.9,8.94,5.62,4.77,8.3,7.29,16.93,1
312,111.29999999999998,61.44,8.63,5.66,10.8,6.29,2.25,9.62,15.4,8.42,8.3,5.85,4.6,7.62,6.3,11.56,1
313,114.12,55.48,7.09,6.52,9.06,6.17,2.46,8.7,12.7,9.4,8.87,4.43,5.32,8.25,7.2,17.95,1
314,121.97999999999999,64.21,7.86,7.47,10.31,6.79,2.36,10.47,16.06,9.19,9.54,5.29,4.84,10.7,6.8,14.3,0
315,122.92999999999999,66.15,8.48,5.99,10.28,7.85,2.86,8.53,15.4,8.85,9.3,6.82,5.4,9.06,7.63,16.48,0
316,115.65,60.1,7.1,4.78,10.97,6.03,2.06,8.71,16.14,9.68,9.05,6.15,4.89,6.76,6.9,16.43,1
317,113.58,60.36,7.62,5.96,8.33,5.08,1.05,9.74,19.48,9.21,9.46,4.7,4.44,9.66,7.18,11.67,1
318,126.86999999999999,64.75,9.75,7.38,10.23,5.12,1.2,10.11,18.62,8.63,9.45,6.39,4.78,8.66,7.74,18.81,0
319,116.71,59.86,7.44,5.11,9.65,5.2,1.17,10.86,13.34,9.0,9.27,7.38,5.65,10.03,7.78,14.83,0
320,123.0,66.88,7.09,5.1,10.37,5.39,2.43,8.64,19.46,9.38,9.13,7.68,5.53,8.93,7.54,16.33,0
321,125.04999999999998,65.24,7.83,5.32,10.52,7.28,2.01,11.34,14.2,8.98,8.75,7.55,5.13,10.72,7.85,17.57,0
322,125.41000000000001,63.33,8.4,7.14,10.39,4.68,1.58,11.15,16.11,9.47,9.29,7.68,5.36,9.13,7.05,17.98,0
323,113.45000000000002,58.56,8.13,5.52,10.13,6.83,2.42,9.56,13.56,9.17,8.89,5.48,5.78,6.23,6.58,15.17,1
324,115.43000000000002,59.45,9.23,5.34,9.47,6.18,2.28,8.82,12.96,9.69,9.18,6.69,4.43,8.21,6.48,16.47,1
325,122.69,62.78,8.44,5.92,9.25,5.4,1.61,11.02,14.91,8.62,9.24,6.46,5.59,11.12,7.72,17.39,0
326,118.81,61.37,6.9,6.87,9.72,6.42,2.4,10.83,17.93,9.66,9.34,4.72,5.73,7.55,7.25,13.49,0
327,124.67,66.4,8.17,7.44,11.08,6.63,2.52,11.2,15.54,8.48,8.6,6.43,5.26,10.77,7.45,15.1,0
328,117.75999999999999,64.21,8.8,4.56,10.96,5.13,2.24,9.35,15.64,9.23,8.35,6.37,4.64,10.43,6.26,15.8,0
329,112.08000000000001,58.11,8.94,5.27,11.39,5.97,1.33,8.63,12.98,8.19,8.25,5.17,5.41,6.92,6.81,16.82,1
330,118.60999999999999,59.86,7.32,5.25,9.58,4.79,1.71,9.36,16.76,8.97,9.41,5.99,4.83,8.88,7.8,17.96,0
331,120.54999999999998,61.52,7.95,4.81,8.82,5.41,1.3,10.18,17.92,8.86,9.15,6.78,5.32,8.02,7.13,18.9,0
332,120.58000000000001,61.55,7.62,6.43,10.89,6.26,1.96,10.25,14.48,8.79,9.09,5.33,5.11,9.9,6.34,18.13,0
333,112.97999999999999,59.74,7.45,5.43,10.4,6.75,1.96,9.94,14.83,8.62,8.74,5.01,5.75,7.59,7.58,12.93,1
334,114.79000000000002,59.6,6.47,4.27,10.21,7.43,1.84,9.81,15.31,8.68,8.87,5.72,5.5,7.12,6.91,16.65,1
335,124.23999999999998,63.83,8.38,6.4,11.56,6.01,2.34,10.63,13.53,8.96,9.19,6.22,5.75,10.04,6.88,18.35,0
336,113.28,56.74,7.61,6.17,8.16,4.56,2.88,8.92,12.97,8.9,8.35,4.81,4.81,10.94,6.84,17.36,1
337,122.9,65.95,9.83,5.37,10.52,6.67,1.55,10.85,16.41,9.64,8.96,6.02,4.9,10.05,6.97,15.16,0
338,108.22,58.44,9.22,4.83,9.01,7.17,2.51,9.37,12.45,8.25,9.22,6.8,5.11,6.17,7.29,10.82,1
339,125.91999999999999,68.55,8.06,6.2,11.99,7.15,1.61,11.56,16.93,9.64,8.19,5.6,5.59,11.62,6.21,15.57,0
340,126.08999999999997,67.29,7.36,5.49,10.18,7.61,2.65,9.45,18.29,9.73,9.35,7.59,4.02,9.59,6.68,18.1,0
341,110.89000000000001,59.73,7.3,4.77,9.57,5.37,2.03,9.54,15.54,9.16,9.42,6.04,5.65,8.23,6.85,11.42,1
342,115.55000000000001,62.09,7.24,6.71,10.72,4.83,1.67,10.99,18.28,8.83,8.87,4.5,4.25,10.6,6.51,11.55,1
343,125.64000000000001,67.6,7.98,5.54,9.95,6.1,2.67,10.69,17.62,9.28,8.16,7.09,5.65,10.54,7.43,16.94,0
344,112.00000000000003,60.6,6.86,4.62,9.66,7.43,1.96,10.78,16.37,8.93,8.26,4.87,5.39,8.06,6.53,12.28,1
345,128.48,68.37,8.46,6.45,10.89,7.2,1.36,11.37,18.12,8.83,8.45,6.19,4.76,11.39,6.99,18.02,0
346,121.78999999999998,65.99,8.46,4.75,11.06,6.47,2.54,8.42,14.76,8.43,8.77,7.49,5.63,9.58,6.66,18.77,0
347,115.57,60.4,8.58,6.01,11.07,7.21,2.34,11.37,13.04,8.21,9.34,5.31,5.7,7.15,7.45,12.79,1
348,109.18000000000002,54.78,9.17,7.6,9.57,4.37,1.72,8.92,14.07,8.62,9.51,4.2,4.98,6.7,6.48,13.27,1
349,109.94,58.79,8.79,4.92,8.5,5.6,1.85,10.44,15.18,9.46,9.56,6.11,4.41,8.35,6.39,10.38,1
350,119.07000000000001,63.9,8.18,5.45,11.64,5.6,2.32,11.24,16.78,9.27,9.7,6.26,5.68,7.44,7.53,11.98,0
351,114.94,58.45,8.18,7.19,9.81,6.15,2.69,10.02,13.76,8.94,9.06,4.55,4.99,8.32,6.96,14.32,1
352,117.17,58.24,9.02,6.22,9.54,4.15,1.64,10.42,14.83,8.77,8.79,5.64,4.99,8.43,7.04,17.69,0
353,120.09,65.38,7.65,5.25,10.22,7.72,2.82,11.07,17.23,8.95,9.07,6.01,5.57,8.16,6.53,13.84,0
354,108.48000000000002,54.74,8.07,6.49,9.44,4.41,2.14,9.16,13.38,8.34,8.59,5.0,4.7,7.6,6.54,14.62,1
355,119.55999999999999,62.79,8.06,5.82,9.88,5.94,1.42,10.21,16.0,8.84,8.24,6.6,4.88,10.01,7.71,15.95,0
356,117.44,61.94,8.06,7.32,9.01,6.72,2.08,10.01,14.35,8.26,8.36,7.83,5.41,8.48,6.49,15.06,0
357,120.86000000000001,65.6,8.73,7.53,8.48,7.63,1.28,8.58,19.05,8.31,9.4,7.4,4.32,8.71,6.52,14.92,0
358,120.89999999999999,62.2,8.06,5.26,10.34,6.57,1.85,11.25,17.94,9.11,9.47,4.64,5.28,7.52,6.24,17.37,0
359,119.4,63.35,9.33,7.38,11.18,5.78,1.65,8.38,13.37,8.3,9.85,6.89,5.17,9.98,7.0,15.14,0
360,115.43,58.85,6.81,6.17,10.23,4.97,2.73,11.02,14.11,9.22,9.38,6.66,5.31,8.03,7.12,13.67,1
361,121.49000000000001,64.54,9.21,4.24,9.15,5.78,2.57,11.57,17.36,8.55,8.26,6.1,4.56,9.81,6.92,17.41,0
362,122.21000000000001,63.75,8.75,6.22,10.62,4.99,1.18,9.02,16.8,9.71,8.39,6.19,5.15,10.07,7.2,17.92,0
363,113.06,55.81,7.36,4.57,8.81,5.47,2.61,9.5,12.85,8.66,9.55,5.9,4.18,8.63,6.93,18.04,1
364,118.85,66.17,7.71,5.35,10.93,6.91,2.37,9.21,18.2,8.48,8.6,5.44,4.53,10.08,6.47,14.57,0
365,123.25000000000001,64.84,8.17,6.82,11.61,5.18,2.39,11.6,16.59,9.31,9.01,6.51,5.21,9.18,6.48,15.19,0
366,112.43,60.57,8.91,7.29,10.17,6.25,1.09,9.09,15.4,8.14,8.15,5.98,4.8,7.97,6.96,12.23,1
367,112.97999999999999,61.57,8.07,5.11,8.69,5.65,1.75,9.04,18.78,9.72,9.92,6.13,4.51,7.99,6.24,11.38,1
368,119.42000000000002,64.0,7.73,6.34,11.36,7.55,2.29,10.97,13.32,8.72,8.47,6.37,4.65,10.73,6.95,13.97,0
369,111.35000000000001,60.56,8.58,5.96,11.47,5.32,2.42,10.07,13.62,9.43,9.09,4.84,4.29,10.02,6.1,10.14,1
370,111.57000000000001,59.69,8.59,6.72,8.49,7.06,1.16,8.45,14.13,9.74,8.37,5.11,4.55,10.6,7.18,11.42,1
371,117.42,61.65,8.81,5.28,9.57,6.3,1.95,8.54,14.17,8.4,9.46,5.88,5.45,9.52,7.92,16.17,0
372,118.99,64.58,8.55,6.58,9.07,5.63,1.16,9.9,17.76,8.22,8.66,7.01,4.96,10.44,6.91,14.14,0
373,114.14999999999998,61.72,7.71,4.4,10.14,6.01,1.99,8.99,15.63,9.67,8.85,4.71,4.94,10.59,6.7,13.82,1
374,122.20000000000002,60.72,8.97,7.4,9.41,5.24,1.19,8.84,16.73,9.64,9.59,6.04,5.76,7.38,6.64,19.37,0
375,116.84,62.25,7.48,6.55,9.93,6.42,1.97,10.46,15.83,8.95,9.57,6.83,4.59,9.2,7.56,11.5,0
376,123.33,64.98,7.98,6.92,11.49,7.25,2.63,11.7,14.24,9.35,9.24,5.08,5.2,11.11,7.42,13.72,0
377,122.97000000000001,64.21,9.46,6.79,11.1,5.66,2.64,11.72,13.44,8.36,8.56,5.06,5.51,11.34,7.3,16.03,0
378,117.04999999999998,64.95,7.0,5.19,11.23,7.53,2.5,11.52,15.09,8.85,8.91,4.83,5.03,11.74,6.35,11.28,0
379,119.92,62.61,6.16,6.31,8.86,6.77,2.84,9.17,17.76,9.56,9.41,6.32,4.56,9.34,7.35,15.51,0
380,117.45,60.85,6.6,6.94,8.42,6.89,1.57,8.5,19.48,9.57,8.85,5.09,5.01,7.79,7.13,15.61,0
381,110.17999999999998,59.07,7.85,5.76,9.02,6.62,1.39,9.41,14.11,9.09,9.19,5.21,5.16,9.71,6.75,10.91,1
382,120.18000000000002,60.36,8.57,7.08,9.62,4.79,2.23,9.93,14.16,8.96,8.22,6.25,4.93,9.81,7.43,18.2,0
383,124.06,68.72,8.48,6.64,10.75,7.6,1.6,11.24,17.63,8.98,9.0,6.52,4.76,11.38,6.39,13.09,0
384,110.42999999999999,59.31,8.43,4.57,9.1,4.64,1.68,9.81,15.62,8.94,8.73,7.76,4.21,7.87,6.8,12.27,1
385,121.04999999999998,61.44,6.27,5.9,10.39,7.04,2.08,11.75,19.08,9.48,9.74,5.05,4.23,7.3,6.09,16.65,0
386,119.35000000000001,59.31,6.75,7.13,8.54,5.1,1.87,11.15,16.79,9.16,9.62,6.15,4.75,9.36,7.34,15.64,0
387,123.53,68.94,8.09,4.37,10.97,6.33,2.48,10.69,19.27,9.06,8.5,6.3,5.57,9.93,7.03,14.94,0
388,113.33000000000001,62.28,9.64,5.39,8.66,7.58,1.71,10.62,16.77,9.06,8.59,5.32,4.4,8.2,6.14,11.25,1
389,126.41000000000003,69.51,8.77,7.32,10.22,5.84,2.39,10.28,18.92,9.45,9.32,6.21,5.4,11.76,6.73,13.8,0
390,115.87,62.59,8.01,5.07,9.41,6.54,1.66,9.88,15.75,9.17,8.92,6.36,5.85,9.01,6.28,13.96,0
391,121.91,62.7,6.51,6.36,9.55,6.21,2.9,11.17,17.27,9.51,8.91,5.99,4.99,9.28,7.17,16.09,0
392,110.56,59.33,8.89,6.04,8.27,5.54,1.4,9.14,16.9,8.88,9.34,6.05,4.75,7.53,6.36,11.47,1
393,115.89000000000001,61.28,7.54,6.09,10.14,6.74,1.17,11.19,17.35,9.76,9.51,4.7,4.75,8.89,6.56,11.5,0
394,114.80999999999999,57.81,7.02,5.34,10.29,5.8,2.41,10.94,16.39,9.11,8.55,4.66,5.16,6.08,6.8,16.26,1
395,123.04,64.71,8.77,7.43,9.72,5.26,1.72,9.3,15.75,8.22,9.59,7.74,5.63,10.12,7.53,16.26,0
396,128.65,65.89,8.26,6.43,10.95,5.75,2.47,11.78,18.9,9.72,9.84,5.93,4.82,8.81,6.92,18.07,0
397,117.91000000000001,63.79,7.57,6.34,8.96,5.79,1.53,8.52,14.78,8.58,8.77,7.78,5.62,11.76,7.72,14.19,0
398,114.20000000000002,60.44,6.83,4.21,9.57,5.19,1.03,9.71,15.59,8.15,8.92,6.49,5.26,10.48,7.31,15.46,1
399,110.6,61.49,6.47,4.85,8.86,5.44,1.91,9.19,18.72,8.4,8.81,4.25,4.34,11.5,7.05,10.81,1
400,115.18,60.6,9.64,6.46,10.1,5.57,1.08,8.94,14.83,8.53,8.94,5.64,5.62,8.12,7.2,14.51,1
401,113.06000000000002,60.32,8.75,5.4,9.23,4.82,2.27,11.79,15.55,8.58,8.79,5.42,4.12,10.16,6.32,11.86,1
402,124.94999999999999,65.39,7.42,7.17,10.23,7.09,2.52,10.55,17.47,8.97,8.95,5.17,4.83,10.66,7.13,16.79,0
403,123.09,66.88,9.66,6.06,10.84,7.08,1.74,10.48,15.34,9.45,9.45,6.39,5.1,10.73,7.71,13.06,0
404,121.59,62.0,8.79,6.65,9.59,5.35,2.34,9.16,15.53,9.2,9.09,6.48,5.08,8.84,6.34,19.15,0
405,117.93,65.98,8.44,6.28,10.33,5.7,1.77,9.15,18.82,9.01,9.09,5.0,5.06,10.86,6.31,12.11,0
406,111.66000000000003,54.35,7.45,4.93,9.36,4.35,1.75,10.14,14.36,9.68,9.79,5.23,4.31,7.54,7.98,14.79,1
407,120.11000000000001,61.97,8.43,7.06,8.56,5.21,1.82,8.63,17.93,8.87,8.99,4.61,5.23,10.18,6.99,17.6,0
408,112.99,60.32,8.8,5.51,10.07,6.74,2.62,10.08,15.67,9.21,9.32,4.78,4.82,6.82,6.11,12.44,1
409,112.97,58.68,7.74,4.81,10.95,6.37,2.17,9.14,13.72,9.52,9.27,4.53,5.51,7.69,7.26,14.29,1
410,127.02,69.79,9.06,7.23,11.44,6.9,2.13,9.37,18.3,9.07,8.89,6.99,4.76,10.21,7.34,15.33,0
411,113.03,60.21,7.14,5.73,9.84,6.02,1.83,11.22,17.64,8.6,9.4,4.38,4.23,9.13,6.37,11.5,1
412,122.0,63.0,9.39,6.11,11.76,6.43,1.81,10.36,13.97,8.99,9.75,5.74,5.51,8.39,7.29,16.5,0
413,128.36,67.03,9.54,6.28,11.11,6.16,1.63,10.05,17.65,9.44,8.88,6.34,5.06,9.54,7.72,18.96,0
414,125.64,67.34,8.65,5.82,10.13,7.05,1.49,11.69,17.53,9.43,8.33,6.95,5.28,10.26,6.64,16.39,0
415,118.75,60.16,6.62,4.36,10.41,5.97,2.15,9.88,17.57,8.27,9.81,4.77,5.35,7.32,7.51,18.76,0
416,117.38,60.16,7.47,4.91,9.57,5.24,2.05,9.97,15.78,9.24,9.52,7.53,4.22,8.3,7.42,16.16,0
417,126.84,65.82,9.8,7.61,11.52,5.2,2.6,10.32,14.67,9.46,8.64,6.21,5.31,10.51,7.58,17.41,0
418,121.76,66.28,9.58,6.8,10.52,6.86,1.99,11.11,14.82,9.1,8.88,7.09,5.28,10.14,6.56,13.03,0
419,110.89,58.56,8.48,5.6,9.66,5.93,1.69,8.91,13.53,8.5,8.63,4.38,5.37,9.52,6.66,14.03,1
420,118.00999999999999,57.8,8.76,5.4,10.7,5.27,2.18,11.59,12.65,8.26,9.42,4.95,5.66,7.63,6.35,19.19,0
421,120.35999999999999,62.5,7.83,6.53,8.91,5.63,1.78,9.15,15.91,8.12,8.71,6.53,5.78,10.13,7.7,17.65,0
422,118.96000000000001,62.59,8.33,6.16,9.67,6.58,1.99,10.1,16.73,8.97,9.34,5.97,4.68,8.64,7.18,14.62,0
423,112.41,60.92,8.75,5.23,10.65,5.76,2.18,8.14,14.57,9.15,8.3,5.96,4.8,8.25,7.34,13.33,1
424,120.43,66.09,8.65,7.67,9.1,6.99,2.05,9.5,18.27,8.85,8.35,5.59,5.04,10.4,7.08,12.89,0
425,126.87,68.23,7.79,6.42,11.48,6.67,2.18,10.9,18.84,9.22,9.22,7.4,5.0,8.87,7.05,15.83,0
426,120.13999999999999,63.16,7.47,6.72,9.98,5.23,1.91,10.08,18.97,8.77,8.56,5.78,4.86,8.96,6.96,15.89,0
427,106.76,54.85,9.49,5.45,8.07,5.61,2.08,8.05,12.29,8.58,9.5,4.41,4.25,8.65,6.89,13.44,1
428,114.99,63.34,9.33,6.0,9.37,6.32,2.39,11.09,16.16,8.63,8.18,4.77,4.47,10.53,6.22,11.53,1
429,118.61000000000001,61.67,7.84,6.66,9.28,7.3,2.01,10.84,14.73,8.59,8.97,6.89,5.45,8.17,6.5,15.38,0
430,119.69999999999999,58.78,7.84,6.88,10.71,5.65,2.39,9.75,13.41,8.76,8.16,5.02,5.41,8.35,7.87,19.5,0
431,122.29999999999998,67.07,8.35,6.92,10.07,6.66,2.66,10.85,16.9,9.09,9.66,4.74,5.71,11.98,6.68,12.03,0
432,119.9,60.7,8.01,7.94,8.99,4.85,1.67,9.38,15.93,8.76,8.87,4.59,5.49,11.17,7.91,16.34,0
433,123.08000000000001,64.48,9.22,7.01,9.78,7.04,1.74,10.81,14.02,9.21,9.0,7.51,5.26,9.91,6.99,15.58,0
434,110.37999999999998,59.68,7.48,5.4,11.88,5.32,1.83,8.85,14.11,9.64,8.69,5.21,5.11,8.74,7.07,11.05,1
435,116.69000000000001,61.35,8.17,5.32,9.14,5.37,1.39,10.31,16.23,8.43,8.49,5.99,5.04,10.02,6.95,15.84,0
436,119.16,57.67,8.79,7.26,9.36,5.42,2.62,9.91,13.53,8.81,9.09,4.25,4.96,8.74,6.95,19.47,0
437,116.80999999999999,58.54,9.34,6.74,11.25,6.32,2.93,11.47,13.54,9.71,9.64,4.14,4.09,6.93,6.36,14.35,0
438,122.05,63.87,7.48,6.99,10.1,5.34,2.03,8.55,15.83,8.66,9.74,6.95,5.25,10.89,7.24,17.0,0
439,118.1,58.52,7.19,6.71,11.57,5.29,1.37,10.01,12.49,8.2,8.19,4.82,5.57,10.22,7.35,19.12,0
440,118.39999999999999,64.82,7.82,6.1,10.92,6.2,1.72,9.21,18.81,9.09,8.77,6.03,5.38,7.94,6.8,13.61,0
441,123.04000000000002,66.03,7.54,5.0,11.3,6.32,1.92,10.02,16.9,8.88,9.59,6.4,4.2,11.45,7.15,16.37,0
442,119.25,64.2,9.21,4.84,10.76,5.99,2.47,10.06,15.18,9.51,8.99,5.08,4.46,11.05,7.56,14.09,0
443,113.4,59.57,7.09,7.44,9.58,6.07,1.92,8.61,13.82,8.76,8.47,5.27,5.59,10.23,6.59,13.96,1
444,125.09,64.98,8.94,7.05,9.28,7.06,1.52,11.7,18.41,8.55,8.91,6.34,5.23,8.2,6.93,16.97,0
445,113.19,60.07,7.57,6.69,10.96,5.39,1.57,8.61,15.8,8.07,9.06,6.24,4.53,8.01,7.73,12.96,1
446,116.05999999999999,60.96,8.63,6.46,9.78,5.09,2.59,9.52,14.81,8.95,8.92,7.55,4.55,7.96,6.66,14.59,0
447,116.82000000000001,63.44,8.26,5.42,9.91,7.04,1.6,9.78,16.16,9.34,9.52,5.76,5.68,9.03,6.29,13.03,0
448,116.60000000000002,60.08,9.81,6.93,8.68,7.04,1.03,8.31,15.08,9.27,9.23,5.57,5.01,7.86,7.69,15.09,0
449,119.12,61.32,6.41,4.79,11.27,5.66,1.62,9.65,15.51,9.26,9.72,7.48,5.23,8.14,7.72,16.66,0
450,117.84,62.59,7.9,5.99,10.77,6.39,1.67,10.55,14.97,8.68,9.26,6.75,5.05,9.09,6.79,13.98,0
451,121.17,64.83,7.95,5.23,10.05,6.26,2.66,8.82,14.68,9.22,9.74,6.95,5.55,10.73,6.92,16.41,0
452,122.28000000000002,63.91,7.02,4.33,10.1,4.48,1.61,10.41,18.79,9.62,9.01,6.64,4.76,10.51,7.53,17.47,0
453,119.09000000000002,67.75,8.98,5.36,10.51,7.22,2.78,9.72,18.44,8.62,8.43,6.88,5.65,7.29,6.95,12.26,0
454,110.23,55.5,8.02,4.31,9.07,4.93,1.18,9.57,15.27,9.14,9.07,5.55,4.91,6.57,7.17,15.47,1
455,112.21000000000001,58.2,7.21,4.92,10.11,4.74,1.94,11.13,16.53,9.39,9.25,6.81,4.49,6.37,6.57,12.75,1
456,127.22,63.63,8.29,7.59,11.42,7.27,2.47,11.53,15.24,9.29,8.64,4.55,5.26,9.13,7.11,19.43,0
457,118.41999999999999,63.51,9.41,4.69,10.41,4.82,2.49,9.83,15.69,9.26,9.34,5.38,5.53,9.78,7.1,14.69,0
458,125.62999999999998,67.41,9.71,7.17,11.03,7.18,2.3,10.12,17.04,9.97,9.21,6.6,5.58,7.97,6.48,15.27,0
459,118.17,63.75,9.33,7.17,8.31,5.78,2.34,9.3,16.55,8.13,9.77,7.48,5.28,8.68,6.83,13.22,0
460,116.95,56.46,7.52,6.25,9.34,4.73,1.52,11.47,13.0,8.38,9.63,6.68,5.4,8.27,6.21,18.55,0
461,111.02,58.39,7.03,5.01,10.7,7.18,2.17,10.55,12.41,8.22,8.24,6.56,5.11,7.23,6.94,13.67,1
462,111.34,60.15,6.34,6.24,9.68,5.73,2.61,8.94,18.51,8.42,9.59,5.54,4.42,7.32,7.48,10.52,1
463,114.66999999999999,64.36,7.35,4.35,9.09,6.8,1.65,10.91,16.87,8.93,8.67,7.22,4.53,10.85,6.75,10.7,1
464,118.25000000000003,60.22,9.5,6.73,9.7,5.4,2.6,9.58,12.15,9.09,8.71,5.18,4.68,11.01,7.19,16.73,0
465,112.46000000000001,60.76,7.98,4.87,10.54,6.81,2.45,11.3,14.59,9.33,9.17,6.86,4.56,6.97,6.61,10.42,1
466,113.55,60.64,7.31,6.88,10.36,6.38,2.22,8.5,14.07,9.12,8.55,7.21,4.72,8.37,6.8,13.06,1
467,114.71000000000001,59.57,7.32,4.42,9.64,5.37,2.29,9.93,16.38,8.12,8.37,5.03,4.11,9.43,7.04,17.26,1
468,115.08000000000001,62.7,8.25,4.38,10.51,4.81,1.94,10.27,18.42,8.53,8.29,6.58,4.55,7.64,6.73,14.18,1
469,111.1,55.6,9.79,7.43,8.98,5.31,2.05,9.8,13.04,8.61,9.61,5.06,4.23,7.14,7.52,12.53,1
470,117.78999999999999,60.27,6.73,5.55,9.27,5.31,1.99,10.8,13.46,9.35,9.88,7.09,5.07,11.35,7.02,14.92,0
471,114.84,58.5,6.41,4.39,8.74,4.23,1.29,10.4,18.9,8.61,8.8,5.73,5.73,7.47,7.35,16.79,1
472,120.43,63.39,7.57,6.16,11.62,7.09,2.18,11.4,13.0,9.5,9.16,5.22,5.23,11.48,7.4,13.42,0
473,117.78999999999999,62.25,9.74,6.91,9.63,6.93,2.36,11.78,13.92,8.96,8.1,6.27,5.22,8.18,7.25,12.54,0
474,116.73999999999998,62.51,8.6,6.83,11.0,5.94,2.03,10.0,14.97,9.39,8.37,5.21,4.49,10.27,7.37,12.27,0
475,115.59999999999998,62.87,8.58,7.37,9.93,5.17,2.51,8.47,17.37,9.05,8.74,7.14,4.98,7.19,6.55,12.55,1
476,121.19,64.27,8.82,5.13,9.19,6.88,2.34,11.94,14.8,8.45,9.6,7.46,5.48,9.3,7.04,14.76,0
477,113.99999999999997,61.44,9.42,4.96,9.99,6.36,1.24,10.56,15.89,8.28,8.97,5.82,4.46,8.26,6.71,13.08,1
478,114.43,56.52,8.48,6.9,8.18,4.92,1.88,9.0,13.16,9.04,9.74,7.04,5.03,7.83,7.15,16.08,1
479,119.11,61.3,9.65,5.48,10.61,5.04,2.2,9.99,15.21,8.09,8.38,5.6,5.85,7.14,7.61,18.26,0
480,119.16,65.7,8.68,5.25,9.77,5.75,2.94,11.39,17.34,9.26,9.46,6.14,5.45,9.63,7.85,10.25,0
481,109.89999999999999,57.29,7.34,4.66,11.96,4.07,1.93,9.83,14.59,9.73,8.18,5.01,5.09,7.3,6.3,13.91,1
482,120.77000000000001,63.23,7.38,6.45,10.26,6.02,1.78,10.96,18.69,9.69,9.72,5.07,5.59,8.44,6.12,14.6,0
483,113.09,59.77,8.86,4.57,10.12,4.82,1.63,10.29,14.13,8.3,9.57,4.87,5.75,9.59,7.18,13.41,1
484,117.98999999999998,64.88,8.46,6.13,10.09,6.65,1.88,10.37,15.35,8.73,8.64,7.52,4.52,10.41,7.27,11.97,0
485,121.62000000000002,63.68,7.63,4.82,9.15,6.52,2.08,11.73,17.76,9.09,9.1,7.87,4.64,8.03,6.5,16.7,0
486,117.57000000000002,62.15,8.71,6.31,9.2,5.34,2.46,9.11,13.48,8.2,9.14,7.17,5.28,10.51,6.45,16.21,0
487,117.3,61.56,7.66,4.23,10.15,4.97,1.53,8.6,14.63,9.26,8.13,6.13,5.43,11.06,7.5,18.02,0
488,117.48,63.39,7.49,5.4,10.65,7.37,2.48,9.06,13.4,9.18,8.96,7.27,5.97,8.76,7.88,13.61,0
489,127.11,66.83,7.1,4.74,10.27,7.81,1.8,10.83,16.59,9.68,9.69,6.76,5.73,10.77,6.53,18.81,0
490,122.14999999999999,64.77,8.42,5.6,9.49,6.49,1.85,9.87,17.56,8.23,9.38,4.89,5.96,10.11,7.44,16.86,0
491,117.58999999999999,62.66,8.63,4.65,10.34,5.82,1.95,8.85,16.09,9.47,8.91,5.28,5.27,9.28,7.05,16.0,0
492,119.57999999999998,62.84,8.28,6.56,9.03,6.36,2.77,9.41,15.9,9.31,8.47,6.69,4.58,9.23,7.56,15.43,0
493,115.51000000000002,61.56,8.75,4.45,10.84,7.25,1.93,11.15,12.67,8.1,8.23,5.05,4.84,10.23,7.29,14.73,1
494,115.11999999999999,60.85,7.85,5.72,9.83,4.47,1.77,8.31,15.9,8.95,9.05,5.59,4.92,10.52,6.57,15.67,1
495,119.12,61.71,7.65,5.84,10.35,5.39,1.13,9.83,17.87,8.82,8.64,5.25,4.34,9.73,6.38,17.9,0
496,119.05000000000001,63.06,9.24,6.51,10.15,4.58,1.09,9.01,14.83,8.64,8.73,7.17,4.97,11.03,6.39,16.71,0
497,115.87,61.77,7.41,6.2,10.4,5.29,2.4,9.81,16.47,8.89,8.93,5.1,4.75,9.95,6.83,13.44,0
498,126.41,66.83,9.18,6.64,10.35,4.77,1.93,10.13,16.13,8.39,8.82,7.61,5.63,11.23,7.95,17.65,0
499,124.48000000000002,68.08,7.91,5.85,10.61,6.23,2.79,9.77,19.79,9.38,9.09,5.67,4.43,10.65,7.63,14.68,0
500,115.29,61.25,8.99,6.45,11.45,4.97,2.32,9.24,15.89,8.78,9.09,4.92,4.84,7.87,6.99,13.49,1
501,113.14999999999999,59.66,8.7,5.52,10.5,6.57,1.7,11.08,14.59,9.49,9.09,5.04,4.39,8.17,6.57,11.74,1
502,111.94,55.34,6.56,5.79,8.78,4.78,2.34,10.39,15.11,9.87,9.46,4.61,5.67,7.49,7.38,13.71,1
503,109.75,55.28,8.79,6.69,9.43,6.28,1.92,10.22,12.35,8.82,8.41,5.38,4.29,6.84,6.53,13.8,1
504,111.93,54.68,6.63,7.43,9.36,6.46,1.71,9.77,13.43,8.28,9.29,5.62,4.39,7.08,6.72,15.76,1
505,119.04,64.07,6.28,5.37,8.9,7.58,1.4,8.59,18.51,9.16,9.77,6.0,4.72,10.68,6.11,15.97,0
506,115.27000000000001,60.75,6.94,6.43,10.52,5.0,2.23,9.32,15.86,8.34,8.78,6.09,4.83,9.28,7.19,14.46,1
507,123.61000000000003,68.51,9.02,5.77,10.25,7.83,1.61,9.86,18.63,8.65,9.23,7.59,5.07,8.51,7.59,14.0,0
508,118.46000000000001,61.54,8.98,4.17,9.59,5.21,1.69,9.11,17.96,8.87,9.67,4.65,5.5,7.96,6.92,18.18,0
509,112.42999999999999,60.51,8.87,5.36,8.84,4.94,1.46,8.62,16.48,9.2,8.47,5.13,5.71,9.08,6.61,13.66,1
510,118.02999999999999,61.11,8.12,6.88,10.76,5.24,2.8,9.32,13.36,8.2,8.82,6.13,5.27,9.43,6.51,17.19,0
511,107.73,56.83,8.37,6.92,10.46,4.26,2.36,8.48,15.75,9.11,9.57,5.1,4.38,6.15,6.37,10.45,1
512,112.6,60.09,7.79,5.84,11.55,5.94,2.11,8.58,15.88,9.31,8.79,4.3,4.5,8.02,7.28,12.71,1
513,112.35,60.03,8.61,4.71,11.08,5.16,1.94,10.5,12.88,8.2,9.09,7.07,5.1,8.19,6.57,13.25,1
514,121.32999999999998,63.86,6.83,4.91,10.42,5.05,2.35,10.43,17.57,9.13,9.63,7.26,4.88,9.5,6.83,16.54,0
515,120.77,62.42,6.91,6.66,11.12,7.36,2.57,10.73,16.55,9.12,9.2,4.63,4.64,8.64,6.28,16.36,0
516,109.7,58.72,9.28,4.72,10.1,6.52,1.99,10.5,13.94,8.97,8.14,5.16,4.45,7.28,6.14,12.51,1
517,111.40999999999998,56.02,7.04,4.78,8.68,4.08,1.62,8.34,14.32,8.16,9.6,6.5,4.75,9.03,7.02,17.49,1
518,122.5,68.68,7.72,5.46,11.79,5.49,2.72,11.26,18.31,8.44,8.47,6.48,5.75,10.42,6.19,14.0,0
519,115.02,61.02,9.45,6.64,8.77,5.04,1.67,8.4,18.01,9.45,8.74,4.28,4.41,9.39,6.38,14.39,1
520,121.39,64.44,8.85,5.76,10.75,6.29,2.36,11.66,15.83,8.77,8.24,5.2,4.57,10.59,7.33,15.19,0
521,116.26,63.36,7.1,4.98,11.88,7.43,2.48,11.06,16.66,8.02,9.43,5.39,4.62,7.8,6.51,12.9,0
522,121.09999999999998,65.09,6.29,5.07,11.73,7.11,2.13,11.4,18.39,9.65,9.12,7.18,5.33,6.93,7.67,13.1,0
523,115.71000000000001,62.06,9.18,6.35,9.17,5.82,2.34,9.22,15.8,9.39,9.11,4.54,4.98,10.23,6.44,13.14,0
524,118.18,61.15,7.13,5.84,10.47,4.67,2.64,10.7,16.74,9.21,9.31,5.66,5.54,8.3,6.7,15.27,0
525,118.2,65.54,9.48,5.96,10.01,6.69,2.28,9.18,17.48,9.41,9.07,6.67,5.0,7.93,7.56,11.48,0
526,127.64999999999999,68.26,8.26,5.29,10.6,5.99,2.48,9.21,16.92,9.31,8.92,7.44,5.63,10.94,7.38,19.28,0
527,111.50999999999999,55.85,6.41,5.26,9.72,5.05,1.8,10.45,14.89,8.48,8.19,4.38,4.41,9.19,7.24,16.04,1
528,110.83000000000003,60.93,8.67,4.82,10.23,5.39,1.34,10.56,18.77,9.09,8.15,4.95,4.07,7.51,6.42,10.86,1
529,112.1,59.5,9.41,7.58,9.35,5.27,1.47,9.21,15.43,8.57,8.41,6.35,5.74,6.48,6.49,12.34,1
530,122.32000000000001,66.19,7.71,4.22,10.26,5.03,1.7,8.4,18.44,9.61,9.68,7.13,5.23,10.69,7.83,16.39,0
531,121.16000000000001,65.6,9.24,6.09,10.87,7.37,2.17,11.09,17.73,9.77,9.7,4.9,4.51,8.81,6.77,12.14,0
532,122.55999999999999,65.42,8.79,7.32,8.72,5.27,1.09,8.72,16.77,8.99,9.44,7.7,5.66,11.42,7.09,15.58,0
533,126.42999999999998,66.24,9.0,7.75,10.37,7.9,1.88,10.53,17.59,9.16,8.6,5.89,4.98,8.63,6.91,17.24,0
534,105.74000000000001,53.87,6.88,5.69,8.98,5.53,1.61,8.98,13.42,9.82,9.71,4.99,4.92,7.54,7.42,10.25,1
535,109.44000000000001,55.24,6.62,5.1,9.98,4.37,1.8,9.9,16.66,8.57,8.62,4.87,4.43,6.51,7.43,14.58,1
536,122.75999999999999,65.62,7.25,5.62,10.72,6.75,2.14,10.53,17.09,8.96,9.02,6.55,5.34,9.78,6.85,16.16,0
537,123.0,62.24,8.99,6.66,8.9,7.64,1.49,10.05,15.48,9.15,9.25,4.5,5.11,10.13,7.71,17.94,0
538,118.32,66.17,7.33,5.29,10.09,6.58,2.26,8.55,17.0,9.11,9.62,6.3,5.26,11.35,7.54,12.04,0
539,118.24,63.09,7.34,6.05,10.57,6.89,2.6,9.75,18.35,9.24,8.8,4.86,4.33,8.15,7.32,13.99,0
540,117.82999999999998,60.99,7.73,6.54,11.77,5.98,1.95,10.61,14.66,8.58,8.83,5.1,5.56,8.24,7.06,15.22,0
541,114.55000000000001,62.36,7.9,5.48,10.05,5.17,2.09,10.32,15.6,8.85,8.81,6.98,5.12,9.45,7.07,11.66,1
542,114.51999999999998,56.83,9.06,5.48,8.41,4.44,1.63,8.51,12.91,8.27,9.55,5.24,5.17,9.97,7.41,18.47,1
543,109.47999999999999,56.52,9.51,5.8,10.04,4.67,1.47,9.09,13.03,8.62,8.27,4.38,4.95,8.47,6.44,14.74,1
544,116.31000000000002,63.47,9.21,6.21,8.95,7.19,2.86,10.96,15.23,9.78,8.09,6.73,5.35,7.95,7.4,10.4,0
545,111.37,57.18,6.53,5.56,10.6,4.88,1.11,10.74,12.72,9.11,9.68,6.3,5.06,9.98,6.81,12.29,1
546,121.09,63.92,7.03,6.3,9.1,5.56,1.21,9.1,18.75,9.4,8.64,6.19,5.61,10.47,7.17,16.56,0
547,117.85000000000002,62.14,9.33,6.84,9.56,5.11,1.83,10.17,16.66,8.96,9.5,5.22,4.53,9.9,7.65,12.59,0
548,124.59000000000002,62.67,7.53,7.15,10.58,6.47,1.77,11.03,13.75,8.97,9.65,6.43,5.23,10.91,6.39,18.73,0
549,114.18,63.55,8.0,4.55,10.25,5.25,2.37,11.67,17.39,8.29,8.29,5.7,4.73,9.86,6.85,10.98,1
550,116.41000000000003,60.39,7.3,5.84,9.74,4.79,1.25,8.89,18.22,8.43,8.48,6.59,5.37,7.13,7.28,17.1,0
551,114.35000000000002,62.52,6.86,6.57,10.58,5.32,2.14,9.76,18.32,9.51,8.5,6.86,4.57,7.87,7.06,10.43,1
552,122.84,61.61,8.51,6.45,9.07,5.52,1.66,9.52,16.26,9.5,9.7,5.47,5.3,9.82,7.24,18.82,0
553,118.05999999999999,61.28,7.05,7.44,9.87,5.22,2.36,10.29,16.43,8.6,8.42,4.52,5.92,9.91,7.11,14.92,0
554,116.38999999999999,59.28,7.37,6.51,10.42,6.74,2.0,10.02,14.66,9.75,9.44,5.32,4.77,8.0,6.81,14.58,0
555,113.49000000000001,60.58,8.32,6.14,9.74,6.35,1.58,8.58,17.34,9.95,8.69,5.79,4.65,6.81,6.8,12.75,1
556,121.07999999999998,63.34,8.96,5.66,9.18,5.85,1.45,10.26,15.97,8.44,8.58,5.57,5.09,11.27,7.0,17.8,0
557,110.85,56.58,8.7,6.79,9.6,4.9,2.32,9.1,13.97,9.33,9.06,5.98,4.87,6.24,6.7,13.29,1
558,118.58999999999999,59.1,7.58,4.85,9.62,5.63,2.11,10.48,13.6,9.37,8.6,5.89,4.72,9.95,6.61,19.58,0
559,110.89999999999998,55.57,7.59,5.94,8.27,5.28,1.67,11.17,14.69,9.3,9.13,6.07,4.43,7.57,6.22,13.57,1
560,115.06,63.6,8.96,5.44,10.44,4.57,2.35,10.33,15.58,8.92,8.77,6.66,5.89,9.15,7.77,10.23,1
561,121.83000000000001,62.33,7.29,5.35,8.26,7.18,2.61,11.11,16.96,8.91,8.87,6.27,5.15,8.61,6.44,18.82,0
562,113.59,60.92,8.46,4.81,8.66,5.11,1.09,8.45,16.41,9.12,8.79,6.64,4.73,9.82,6.52,14.98,1
563,130.54,68.68,7.44,6.77,11.32,7.37,2.78,11.46,17.91,9.62,9.35,6.81,4.81,10.24,7.69,16.97,0
564,114.69000000000001,57.77,7.41,7.13,8.84,4.66,1.13,8.54,14.91,8.09,9.09,5.62,4.86,10.34,7.51,16.56,1
565,116.31,59.98,8.12,4.86,10.63,4.36,2.15,9.46,12.73,9.54,8.7,7.6,5.02,9.37,6.56,17.21,0
566,109.66,59.61,8.2,4.86,9.13,5.87,1.4,8.8,18.77,8.52,8.77,4.26,4.82,7.16,7.82,11.28,1
567,112.72999999999999,59.74,8.58,6.83,8.68,4.71,2.64,9.98,17.53,9.97,9.03,5.21,5.19,7.2,6.08,11.1,1
568,113.19,58.84,8.13,5.9,10.06,6.54,1.39,9.21,14.22,9.05,8.94,5.25,5.22,8.03,6.67,14.58,1
569,121.19999999999999,65.01,6.31,4.72,8.17,5.97,1.43,9.99,19.64,9.68,9.29,6.86,5.71,10.92,7.42,15.09,0
570,115.01,53.96,7.48,7.91,8.93,5.09,2.18,10.31,12.84,9.21,9.38,5.83,4.79,6.82,7.69,16.55,1
571,116.59,62.04,6.5,6.82,9.71,7.69,2.4,10.8,17.02,8.68,8.67,6.59,4.67,7.46,6.8,12.78,0
572,113.28999999999999,59.19,8.54,5.11,9.45,5.23,1.87,9.29,14.76,8.56,8.12,5.51,5.52,8.31,7.03,15.99,1
573,120.28999999999999,60.57,8.3,7.18,10.65,5.66,2.34,10.09,14.8,8.6,8.99,5.29,4.38,9.15,7.04,17.82,0
574,121.21000000000001,61.34,7.13,7.36,9.64,6.14,1.6,9.76,18.52,9.0,9.0,7.04,4.09,7.18,7.12,17.63,0
575,125.4,63.3,9.62,6.2,11.6,5.14,2.43,11.09,15.83,9.57,9.19,5.79,4.84,8.05,7.93,18.12,0
576,124.28999999999999,63.36,7.23,5.92,11.11,6.16,1.8,11.94,18.52,9.45,8.65,5.74,4.39,8.41,6.93,18.04,0
577,117.35,63.24,7.98,5.12,9.44,5.33,2.38,10.2,16.62,8.75,9.3,5.83,5.82,9.84,7.18,13.56,0
578,114.45000000000002,60.78,9.37,5.01,8.93,6.82,2.36,10.4,13.77,9.26,8.21,5.18,4.54,9.81,7.42,13.37,1
579,119.48000000000002,63.23,9.65,7.51,10.55,6.23,1.41,8.31,16.53,8.71,8.9,5.43,5.92,7.51,6.94,15.88,0
580,120.48,65.01,7.3,6.76,9.95,4.5,1.23,9.03,19.0,8.7,8.74,6.79,5.01,11.23,7.24,15.0,0
581,121.35000000000002,63.31,8.79,4.67,10.68,6.93,2.01,11.32,16.17,9.24,9.62,5.45,4.94,8.34,6.34,16.85,0
582,119.21000000000001,63.46,8.82,4.91,9.63,6.29,2.79,10.56,16.81,9.28,9.57,5.65,5.7,7.77,7.68,13.75,0
583,117.7,60.45,8.17,5.46,11.62,5.49,1.69,10.45,13.55,9.84,9.79,7.52,5.01,7.4,7.24,14.47,0
584,112.65,60.52,7.32,5.06,8.96,4.66,2.94,9.03,13.6,8.4,8.86,7.76,4.77,10.51,7.5,13.28,1
585,115.66999999999999,61.91,8.49,5.56,9.16,5.1,2.16,8.88,18.08,8.27,9.77,5.08,4.18,9.66,6.06,15.22,1
586,121.67999999999999,66.02,9.37,6.43,9.93,6.41,1.78,10.8,18.32,8.3,9.03,5.88,4.71,9.62,6.85,14.25,0
587,121.24999999999999,62.27,6.93,5.84,10.63,6.7,1.73,9.86,16.19,8.36,9.66,5.21,4.37,10.51,7.27,17.99,0
588,120.72000000000001,59.91,8.63,6.12,9.56,5.91,2.01,9.8,15.14,9.55,9.68,5.23,5.03,8.4,7.41,18.25,0
589,125.78,66.97,8.11,4.82,11.31,7.57,1.75,10.34,15.89,9.07,8.61,6.88,5.44,10.02,6.91,19.06,0
590,126.48,63.3,8.45,6.78,9.87,4.47,1.56,10.16,19.61,9.88,9.39,6.24,5.09,8.01,7.66,19.31,0
591,120.34000000000002,62.92,8.42,6.37,9.47,6.64,2.05,9.66,15.27,9.2,9.09,6.13,5.9,9.04,6.9,16.2,0
592,109.47,57.64,8.33,6.5,9.0,7.12,1.41,11.12,14.59,8.58,8.34,4.16,4.13,8.9,6.58,10.71,1
593,118.34000000000002,60.47,7.16,5.76,8.64,6.74,1.59,8.82,15.71,8.94,9.56,6.23,4.26,10.14,7.67,17.12,0
594,116.35,60.44,9.52,7.34,9.57,6.53,2.89,8.82,14.16,8.72,9.19,5.8,4.22,7.75,6.5,15.34,0
595,119.55000000000001,63.69,8.29,5.67,11.31,7.3,2.34,10.8,18.13,9.37,9.03,4.4,4.92,7.0,6.18,14.81,0
596,115.35,60.27,9.01,5.04,10.79,5.53,2.04,9.56,16.36,9.43,8.33,4.81,4.55,7.18,6.35,16.37,1
597,112.23,57.31,7.2,4.58,8.77,6.69,2.06,10.19,12.4,9.13,8.7,5.13,5.8,9.26,6.59,15.73,1
598,129.06,70.22,9.23,5.75,11.23,7.28,2.85,11.92,19.63,8.19,9.86,6.0,5.47,8.53,6.93,16.19,0
599,116.96999999999998,62.45,7.92,6.21,9.88,6.97,1.66,9.27,18.19,9.19,9.19,7.01,4.35,6.47,7.17,13.49,0
600,113.88999999999997,62.29,7.56,4.95,11.3,4.81,1.77,9.02,16.68,9.67,9.31,5.67,4.46,10.04,6.57,12.08,1
601,118.16,60.88,7.03,5.14,9.17,5.62,1.43,9.16,19.1,9.92,8.61,6.12,4.93,7.48,7.05,17.4,0
602,114.10999999999999,60.08,6.64,6.1,10.67,5.7,2.12,10.62,18.79,9.76,8.93,4.52,5.08,6.56,6.78,11.84,1
603,115.91999999999999,60.58,8.48,6.65,8.91,7.02,2.22,9.71,16.47,9.15,9.22,4.75,4.46,8.27,6.17,14.44,0
604,117.87000000000002,65.47,9.09,6.93,8.22,5.86,1.32,8.45,18.53,8.72,9.01,7.76,4.82,9.87,7.18,12.11,0
605,122.87,64.66,7.47,5.48,11.25,5.87,2.17,9.99,17.35,9.02,9.37,5.8,4.74,10.01,6.46,17.89,0
606,120.08,63.08,8.29,6.25,11.08,7.04,1.91,8.81,16.57,9.01,8.95,4.29,4.34,9.56,7.1,16.88,0
607,115.11000000000001,60.95,6.24,6.11,10.89,7.3,1.4,9.86,17.62,9.07,8.72,4.29,4.46,8.75,7.11,13.29,1
608,123.9,63.37,7.19,7.0,8.79,5.9,2.15,10.36,15.32,9.46,8.33,7.26,5.69,11.07,7.74,17.64,0
609,124.35999999999999,65.24,8.82,7.41,10.98,6.89,2.0,9.06,14.31,9.1,8.82,7.57,4.71,9.96,6.58,18.15,0
610,112.32999999999998,59.66,8.06,5.99,8.23,4.9,1.9,10.07,17.36,8.79,9.63,7.36,4.55,7.3,6.45,11.74,1
611,122.59999999999998,66.11,6.49,6.37,9.84,5.25,2.4,10.49,18.76,9.31,8.83,6.43,5.27,11.67,6.94,14.55,0
612,127.49,69.1,9.8,6.55,9.93,4.79,1.55,9.56,18.9,9.69,9.1,7.5,5.05,11.58,6.4,17.09,0
613,116.00000000000001,59.02,9.5,6.32,8.95,6.65,2.49,11.12,12.95,8.63,8.78,5.09,4.31,9.08,7.48,14.65,0
614,116.96,57.7,7.97,6.97,9.99,6.59,2.37,9.66,12.51,8.52,8.72,4.86,5.48,7.93,7.5,17.89,0
615,116.31999999999998,61.29,7.92,4.41,8.89,6.99,1.54,9.51,17.1,9.13,9.69,4.71,5.51,8.63,6.74,15.55,0
616,120.20000000000002,60.22,7.13,4.96,10.21,6.41,2.49,11.49,13.46,8.88,8.89,5.37,5.59,9.56,7.54,18.22,0
617,112.15,61.43,9.17,5.09,10.03,5.96,2.6,9.55,14.08,8.91,9.56,6.92,5.05,7.62,6.8,10.81,1
618,112.00000000000001,58.35,7.19,7.28,11.47,6.62,2.33,10.9,13.09,8.64,8.51,4.92,4.57,8.16,6.31,12.01,1
619,121.02,61.41,7.16,6.1,9.22,6.26,2.77,10.89,12.29,8.82,8.25,7.13,4.83,11.75,7.61,17.94,0
620,114.64000000000001,58.66,9.13,6.06,10.46,4.77,1.66,9.11,15.92,9.32,8.68,4.69,4.43,7.6,6.5,16.31,1
621,118.19,62.39,8.01,6.65,11.23,6.61,2.44,9.73,15.41,8.87,8.43,6.36,4.25,8.08,6.43,15.69,0
622,120.85999999999999,66.47,6.31,4.98,10.2,7.31,1.5,9.41,17.24,8.93,8.33,7.66,4.62,11.63,6.58,16.16,0
623,122.0,65.9,9.43,5.99,10.16,5.25,2.42,8.95,14.07,9.78,8.97,7.58,5.54,11.45,6.63,15.78,0
624,122.79,62.37,8.56,7.8,9.97,5.75,2.01,9.83,13.1,8.26,8.97,6.66,5.73,10.59,7.57,17.99,0
625,122.72000000000001,62.08,9.46,7.11,10.33,5.62,2.24,11.23,14.17,9.43,9.18,7.68,4.82,7.76,6.35,17.34,0
626,122.0,65.93,8.49,6.14,11.26,7.42,2.18,9.78,14.09,8.52,8.64,6.0,5.82,10.67,6.8,16.19,0
627,122.88999999999999,66.51,7.48,6.75,10.76,7.24,2.27,10.2,18.86,8.74,9.07,5.88,5.6,8.42,7.05,14.57,0
628,117.97000000000003,65.72,7.03,4.95,11.61,6.96,1.91,11.04,16.31,8.62,8.87,5.03,5.58,11.29,6.9,11.87,0
629,114.59,59.94,7.05,6.8,9.44,4.84,1.43,8.98,18.8,8.24,9.26,4.54,4.14,9.7,7.91,13.46,1
630,122.25999999999998,62.22,9.16,7.35,11.03,5.04,1.33,11.52,15.69,8.63,8.96,6.61,4.87,8.49,7.71,15.87,0
631,108.92999999999999,58.22,8.44,4.54,10.57,4.57,1.42,10.45,14.18,8.17,9.22,4.94,4.86,9.24,6.44,11.89,1
632,118.11,63.28,7.35,4.95,11.6,6.49,1.23,10.8,17.64,9.23,9.86,5.43,4.57,8.97,7.41,12.58,0
633,116.84999999999998,64.2,9.2,5.41,11.48,6.45,2.66,11.77,13.08,8.0,9.09,6.21,5.49,9.63,6.41,11.97,0
634,115.41999999999999,61.19,7.42,5.57,9.38,4.53,2.01,11.29,18.73,8.11,9.61,6.57,5.07,7.48,7.63,12.02,1
635,118.28999999999999,58.31,9.23,4.2,11.02,4.86,1.34,10.29,13.84,9.34,9.33,6.47,4.84,6.71,7.39,19.43,0
636,112.49000000000001,61.82,8.11,5.35,10.17,6.05,1.92,8.73,12.96,8.44,8.55,7.14,5.22,10.25,7.28,12.32,1
637,117.66999999999999,58.46,7.46,5.4,9.78,6.39,1.75,11.53,14.32,9.98,9.7,4.86,5.08,8.82,6.35,16.25,0
638,120.38000000000001,63.06,7.77,6.78,8.46,7.36,2.78,9.63,16.68,9.29,8.72,7.23,4.37,8.41,6.73,16.17,0
639,122.61000000000001,62.98,7.91,4.82,10.95,6.18,2.12,10.99,14.06,9.65,9.34,6.05,5.8,9.91,7.93,16.9,0
640,121.98,64.15,7.21,5.76,9.42,7.08,1.83,10.42,18.34,9.38,9.27,7.39,5.4,7.48,7.76,15.24,0
641,118.34,62.14,7.67,5.24,9.33,6.46,1.87,11.61,19.54,9.85,9.0,5.63,4.38,7.26,6.96,13.54,0
642,117.55,62.41,8.86,7.35,8.29,5.68,1.68,9.56,16.7,9.52,9.49,5.94,5.15,10.11,7.44,11.78,0
643,117.49000000000001,63.23,7.46,6.32,11.0,6.94,2.29,10.73,15.79,8.86,9.13,6.92,4.88,7.95,7.23,11.99,0
644,109.97,57.28,6.48,6.74,8.42,5.02,1.66,8.74,17.18,9.53,8.06,4.6,4.69,9.23,7.4,12.22,1
645,124.33,65.65,9.18,7.6,9.24,4.78,2.73,9.05,17.72,9.73,8.75,7.67,5.6,8.73,7.57,15.98,0
646,111.61999999999999,57.51,9.39,7.33,9.45,4.81,1.34,10.25,15.17,8.81,9.78,4.74,4.37,8.24,6.7,11.24,1
647,110.26000000000002,56.65,6.72,4.1,10.67,4.84,2.22,8.43,13.59,8.88,9.1,6.8,4.51,7.3,7.15,15.95,1
648,121.87,63.96,9.42,7.08,9.45,6.43,2.21,9.88,16.95,9.41,9.37,6.09,4.77,8.64,7.49,14.68,0
649,118.08000000000001,61.96,7.68,6.38,10.84,5.51,1.67,9.96,17.11,9.27,8.42,5.83,5.31,8.01,7.14,14.95,0
650,113.16999999999999,60.45,9.05,5.76,9.19,5.96,2.34,8.52,13.78,8.8,8.96,7.41,5.78,6.94,7.0,13.68,1
651,124.46000000000001,64.36,7.26,6.66,10.21,6.37,2.28,11.82,14.43,8.93,9.06,7.77,4.36,11.68,7.1,16.53,0
652,118.25,62.41,7.45,5.73,8.97,7.11,2.21,8.95,15.68,9.88,9.18,6.26,4.2,10.53,6.13,15.97,0
653,108.43,52.95,6.07,5.83,9.78,4.56,1.51,8.76,12.76,8.7,9.32,5.75,5.76,6.76,7.18,15.69,1
654,113.35,59.5,7.73,5.53,11.28,5.47,2.14,9.05,12.99,9.44,9.08,6.02,5.05,8.82,7.4,13.35,1
655,126.63999999999999,64.69,8.6,6.52,11.06,6.15,2.26,11.35,16.67,9.47,9.13,6.44,4.67,8.84,7.74,17.74,0
656,115.05000000000001,59.33,8.65,6.99,11.02,6.21,2.33,11.32,16.06,8.78,9.03,4.15,4.54,6.37,7.25,12.35,1
657,120.67999999999998,60.54,9.3,7.41,8.24,4.16,1.49,9.97,19.18,8.77,9.13,5.49,5.13,7.55,7.98,16.88,0
658,122.51,63.23,7.67,7.18,9.85,5.78,2.71,10.55,15.9,9.74,8.53,5.4,5.59,10.33,7.5,15.78,0
659,113.10999999999999,62.68,6.48,4.43,9.77,6.83,2.54,9.41,17.36,9.12,8.54,5.85,4.76,9.09,6.74,12.19,1
660,124.65,67.94,7.76,4.79,10.37,6.34,2.53,11.11,17.34,9.07,9.15,7.59,4.93,11.08,7.96,14.63,0
661,115.19,64.66,8.28,4.95,10.91,4.23,2.09,8.42,17.2,9.07,9.22,6.97,4.57,10.41,7.58,11.29,1
662,110.84000000000002,59.77,7.96,4.37,9.53,5.84,1.98,11.06,13.92,8.64,9.08,5.53,5.19,9.82,7.45,10.47,1
663,122.75999999999999,65.19,8.42,7.17,10.36,5.07,1.33,10.03,15.8,9.07,9.33,7.61,5.53,11.07,7.43,14.54,0
664,118.45,62.03,8.34,5.17,10.91,6.68,1.09,9.77,15.05,9.38,8.43,5.81,4.89,9.26,6.7,16.97,0
665,120.0,62.14,8.8,7.08,9.55,5.07,1.92,9.53,14.58,8.24,8.69,6.82,5.72,9.68,6.46,17.86,0
666,111.38000000000002,57.82,8.15,6.56,10.02,4.31,1.5,9.78,14.92,9.0,8.06,5.26,4.94,8.72,7.12,13.04,1
667,124.64999999999998,69.53,9.21,6.23,11.94,5.92,1.87,10.29,18.86,8.44,8.75,5.89,5.35,10.49,7.03,14.38,0
668,117.96999999999998,64.36,6.62,7.35,11.6,7.05,1.94,10.77,17.52,9.49,8.62,5.35,5.65,8.63,6.35,11.03,0
669,124.21,63.96,8.0,6.11,8.46,6.62,2.73,9.51,15.13,9.61,9.88,5.76,5.8,11.46,7.51,17.63,0
670,118.52000000000001,61.08,8.58,5.87,9.17,5.36,1.69,9.78,13.5,8.1,8.59,6.9,5.42,10.46,7.64,17.46,0
671,122.53,64.41,8.9,7.97,10.29,5.88,2.61,9.15,16.23,8.26,9.07,6.14,5.36,9.0,6.49,17.18,0
672,114.29,61.62,7.63,6.39,11.29,5.39,2.61,9.16,16.05,9.86,9.86,5.19,4.2,9.26,6.26,11.14,1
673,124.01,65.22,9.04,5.91,10.09,6.48,2.54,10.78,18.35,9.73,9.14,5.17,5.86,7.69,6.98,16.25,0
674,113.11,59.86,7.37,4.79,9.75,6.38,1.9,10.06,13.52,9.21,9.12,6.1,4.52,10.32,7.06,13.01,1
675,120.07,62.91,7.98,5.85,9.44,7.33,1.38,9.89,16.19,8.29,9.28,5.56,5.66,9.37,7.89,15.96,0
676,111.56,58.76,8.16,4.85,11.25,5.63,2.2,10.51,14.19,8.85,8.96,5.2,5.28,6.85,6.23,13.4,1
677,116.13000000000001,57.49,7.44,7.18,8.18,4.4,1.87,8.3,15.37,9.55,9.39,7.75,4.86,7.62,6.75,17.47,0
678,120.20999999999998,64.53,9.78,5.89,9.29,5.7,2.41,9.3,19.78,9.89,8.22,5.57,4.36,7.64,6.35,16.03,0
679,116.64000000000003,62.66,7.13,5.26,9.93,5.49,2.2,9.69,17.48,9.46,8.72,6.03,5.09,9.31,6.34,14.51,0
680,126.22999999999998,64.18,8.92,7.73,10.37,5.91,1.91,10.94,13.92,9.52,8.6,7.33,5.77,10.05,6.7,18.56,0
681,123.22,65.43,9.43,7.23,10.3,5.56,2.75,10.59,15.85,8.44,8.66,5.99,5.9,9.65,7.24,15.63,0
682,116.29000000000002,57.45,7.94,7.36,10.16,5.24,1.17,9.25,14.58,9.28,8.7,4.18,4.86,9.32,7.08,17.17,0
683,122.00000000000001,64.44,9.4,7.27,10.03,6.0,2.24,8.79,17.87,9.46,9.59,6.12,5.42,7.36,6.69,15.76,0
684,124.60999999999999,69.11,8.83,5.89,10.32,4.59,2.34,8.72,19.64,9.43,9.19,6.93,5.63,10.83,7.73,14.54,0
685,123.57,63.13,7.02,6.67,8.82,7.11,1.18,9.72,19.19,8.59,9.2,5.92,5.15,8.74,6.77,19.49,0
686,115.55,60.1,7.22,6.88,9.71,6.34,1.96,9.52,15.23,8.85,8.16,6.3,4.62,8.72,7.14,14.9,1
687,123.33999999999999,67.74,8.97,5.83,11.59,6.89,2.15,8.99,19.52,9.04,9.53,5.2,4.85,8.57,6.69,15.52,0
688,120.14000000000001,66.09,8.15,4.89,10.93,7.78,2.31,10.32,18.05,8.65,8.14,6.9,4.58,7.39,6.86,15.19,0
689,108.74999999999999,57.25,6.61,5.64,9.43,4.66,2.12,8.62,16.09,9.33,8.47,6.08,4.38,7.88,6.13,13.31,1
690,115.28999999999999,59.25,7.18,4.75,11.74,6.33,1.48,10.56,12.72,9.2,8.71,6.39,4.8,8.61,6.32,16.5,1
691,111.33000000000003,59.39,6.13,4.47,8.76,5.91,1.98,10.73,16.92,8.81,9.81,5.37,4.12,10.2,6.73,11.39,1
692,112.38000000000001,59.65,8.55,6.85,9.49,5.67,1.49,9.28,17.7,8.92,9.04,4.92,4.88,6.95,6.74,11.9,1
693,124.85,66.94,8.92,6.33,10.54,7.42,1.69,9.62,17.2,9.83,9.16,6.19,4.76,10.22,6.9,16.07,0
694,124.05,66.41,9.05,6.37,9.74,6.72,1.12,11.43,19.13,9.07,9.11,5.87,4.23,10.55,7.72,13.94,0
695,125.61,66.01,6.62,5.88,11.5,7.45,2.73,11.63,15.02,8.95,9.52,7.44,5.72,9.53,6.65,16.97,0
696,122.85000000000001,67.35,8.3,4.41,11.35,5.67,2.59,10.39,18.29,9.54,9.95,6.36,5.08,9.71,6.74,14.47,0
697,111.91000000000001,56.91,7.2,6.62,8.49,5.2,1.19,9.77,15.08,9.17,8.3,6.98,5.7,7.07,7.75,13.39,1
698,112.23,56.68,6.59,6.0,10.76,5.35,1.42,11.65,15.49,9.16,9.03,5.74,4.32,7.01,6.73,12.98,1
699,121.03999999999999,65.51,8.87,6.1,9.9,5.65,1.29,10.46,17.71,9.02,9.82,6.98,5.69,9.42,7.41,12.72,0
700,112.63000000000001,58.96,8.25,6.03,9.18,6.41,2.35,10.94,16.17,8.75,9.47,4.48,4.84,7.28,6.72,11.76,1
701,114.66999999999999,60.41,7.84,4.24,9.05,6.68,2.26,10.6,14.52,8.91,8.37,6.38,4.21,9.47,6.39,15.75,1
702,110.52999999999999,60.63,6.81,5.47,9.29,6.91,1.8,9.12,16.2,9.03,8.49,5.67,5.68,8.27,7.02,10.77,1
703,122.70999999999998,62.29,7.79,5.62,10.43,5.28,1.95,10.28,15.89,9.67,9.74,5.38,5.41,10.16,7.58,17.53,0
704,114.98999999999998,59.18,7.69,7.17,10.64,7.71,2.8,11.74,14.91,8.92,8.53,4.61,4.39,6.43,7.16,12.29,1
705,113.14999999999998,59.4,6.84,5.15,11.11,5.95,2.57,10.93,14.03,8.66,9.59,4.27,5.47,9.16,6.85,12.57,1
706,115.24,57.11,6.46,6.62,9.42,4.85,2.06,10.15,15.03,9.47,8.22,5.89,4.88,8.52,7.67,16.0,1
707,108.98,55.87,6.14,6.77,9.05,5.77,1.57,8.72,13.93,8.89,9.46,4.69,5.24,9.48,6.46,12.81,1
708,112.29999999999998,61.5,8.73,6.63,11.89,5.24,1.91,9.01,13.19,8.35,8.33,6.35,4.46,9.73,6.39,12.09,1
709,121.94000000000003,66.86,8.28,6.72,10.99,6.46,2.54,9.28,14.79,9.21,9.43,7.67,5.32,10.81,7.83,12.61,0
710,120.67,62.99,8.47,4.74,9.33,4.9,1.64,11.21,18.26,9.55,8.43,6.31,5.38,8.7,7.13,16.62,0
711,109.08,56.77,6.57,6.93,8.52,6.25,1.72,8.58,15.88,8.57,8.41,6.44,5.04,6.35,7.02,12.8,1
712,123.07,64.67,9.91,5.98,11.81,7.75,1.9,10.47,15.49,8.66,8.36,4.27,4.78,8.76,6.66,18.27,0
713,115.53999999999998,58.14,9.25,7.06,9.12,5.26,1.67,9.58,14.37,8.11,8.47,5.4,5.49,7.58,6.21,17.97,1
714,130.05999999999997,67.3,8.82,6.41,11.07,7.17,2.75,10.92,16.97,9.46,9.16,6.75,5.24,8.53,7.58,19.23,0
715,120.78999999999999,63.37,9.15,5.69,9.76,5.88,2.07,9.35,15.25,8.76,8.85,5.25,5.14,10.87,6.72,18.05,0
716,107.77000000000001,56.18,8.14,5.37,8.24,5.74,1.29,9.05,13.13,9.15,8.4,5.91,5.75,7.98,6.42,13.2,1
717,119.75999999999999,64.05,8.54,5.61,11.22,5.76,1.59,8.95,16.2,8.99,9.02,6.37,5.01,9.36,6.1,17.04,0
718,117.13,61.87,9.57,5.92,11.24,5.29,1.36,9.2,14.98,9.13,9.55,6.8,5.25,7.38,7.78,13.68,0
719,117.66,61.31,7.77,5.43,9.96,5.99,2.06,10.26,14.93,8.77,9.02,7.02,5.09,8.49,6.77,16.1,0
720,113.38000000000001,55.45,6.73,6.78,8.86,5.77,2.42,10.01,14.68,9.17,8.65,5.0,5.06,6.93,7.51,15.81,1
721,117.16,59.22,7.57,7.62,10.13,5.55,2.51,9.93,13.88,9.68,9.35,5.26,5.24,9.08,6.35,15.01,0
722,110.83,58.87,7.92,7.26,8.69,4.34,1.46,9.11,17.18,9.03,8.86,4.45,4.26,10.57,6.39,11.31,1
723,117.81,63.38,9.47,6.69,10.38,5.72,1.81,10.17,15.93,9.11,8.44,5.68,5.41,8.98,6.63,13.39,0
724,122.77000000000001,64.55,9.6,7.32,10.67,4.37,2.34,11.3,15.96,9.72,9.83,7.38,5.39,8.84,7.5,12.55,0
725,126.64999999999998,68.14,8.93,6.59,9.29,7.09,2.54,8.71,17.15,8.93,9.6,7.55,5.15,10.44,7.27,17.41,0
726,104.21999999999998,57.09,7.18,4.07,11.06,7.09,1.24,8.15,15.94,8.83,9.11,4.05,4.2,6.33,6.19,10.78,1
727,121.60000000000001,63.5,8.85,5.43,9.28,6.9,2.52,9.98,17.47,9.61,9.55,5.95,4.9,7.63,7.47,16.06,0
728,109.66,57.37,8.38,6.02,11.22,5.44,1.96,8.5,13.55,8.91,9.24,5.79,4.1,6.93,7.18,12.44,1
729,121.27000000000001,63.34,8.12,7.01,10.44,5.3,1.6,10.73,17.43,8.04,8.45,4.93,5.49,10.03,7.38,16.32,0
730,119.52999999999997,60.48,8.38,6.75,9.49,5.18,2.5,11.58,17.8,9.8,8.57,5.07,4.39,7.67,7.32,15.03,0
731,120.17999999999999,62.17,6.58,7.39,11.3,7.55,2.7,11.55,12.12,9.12,9.17,6.99,4.82,10.11,7.63,13.15,0
732,114.41000000000001,61.0,8.73,6.6,9.62,6.22,2.22,9.89,14.33,9.55,8.42,5.48,4.47,9.93,6.44,12.51,1
733,126.12,65.88,7.77,6.29,10.22,6.88,1.94,9.43,16.73,9.13,9.54,6.56,5.19,10.59,7.45,18.4,0
734,117.62999999999998,59.14,7.94,6.17,8.12,6.1,1.54,10.11,14.15,8.96,8.61,5.38,5.2,10.71,6.97,17.67,0
735,124.75999999999999,65.08,6.25,7.69,10.65,6.87,2.57,8.99,18.31,8.68,9.26,4.66,5.25,10.52,7.54,17.52,0
736,108.82,53.14,7.16,7.69,10.08,5.11,2.08,10.33,12.58,8.9,9.29,5.13,4.12,6.88,6.78,12.69,1
737,115.07,60.44,8.41,6.37,10.43,5.79,1.36,11.49,12.99,8.33,9.13,6.72,5.45,9.29,6.54,12.77,1
738,118.24000000000001,62.98,7.56,5.58,9.15,6.32,2.34,8.33,15.35,8.64,8.82,5.94,5.92,10.4,7.72,16.17,0
739,119.23,57.21,8.44,5.7,8.28,4.63,1.86,11.53,13.07,9.01,8.54,6.73,4.69,9.51,7.3,19.94,0
740,114.39,59.46,6.62,5.1,10.39,5.1,2.59,9.52,14.65,8.7,9.29,6.36,4.95,8.8,7.08,15.24,1
741,118.16,64.22,9.03,6.05,8.55,4.91,1.5,11.25,18.0,8.88,8.64,5.98,4.8,11.45,6.93,12.19,0
742,110.04,57.44,8.76,6.78,8.83,4.6,1.42,8.86,12.7,8.43,8.38,7.04,4.3,9.79,6.6,13.55,1
743,121.21,63.83,9.02,6.78,10.87,6.21,1.58,10.46,16.36,9.43,8.78,6.3,4.5,8.99,7.58,14.35,0
744,115.70000000000002,59.5,8.11,6.67,11.2,4.44,2.51,8.65,12.85,8.93,9.58,5.12,4.76,10.51,6.69,15.68,0
745,112.11,57.11,6.56,5.05,9.62,6.6,2.16,9.78,15.36,8.78,9.42,5.13,4.15,7.53,6.13,15.84,1
746,121.47999999999999,64.49,7.64,4.29,10.97,7.64,1.99,9.67,17.33,9.88,8.92,5.96,4.86,8.1,7.08,17.15,0
747,124.98000000000002,67.24,8.29,6.41,9.17,7.23,2.21,9.56,18.37,9.63,9.07,6.59,5.79,9.59,7.76,15.31,0
748,115.26,58.94,7.48,5.76,9.43,6.44,1.51,8.73,13.77,8.23,9.45,5.28,5.24,9.79,7.32,16.83,1
749,118.16999999999999,60.4,8.61,5.43,8.43,6.15,2.13,9.55,17.17,9.57,9.21,6.88,4.23,6.8,6.96,17.05,0
750,123.34,64.51,8.57,6.59,9.48,5.51,1.19,10.55,17.76,9.11,8.16,6.26,5.22,10.52,7.63,16.79,0
751,116.0,59.5,6.87,6.42,8.93,6.82,1.23,9.89,15.72,8.53,9.84,4.81,4.66,10.46,7.52,14.3,0
752,116.23000000000002,61.48,7.43,4.69,10.84,5.73,2.39,10.7,14.76,9.13,9.2,6.0,4.75,9.58,7.32,13.71,0
753,119.49999999999999,62.91,7.91,5.74,11.18,5.66,2.74,11.17,18.09,9.47,9.44,4.97,4.8,7.56,7.19,13.58,0
754,116.19,63.44,9.73,6.21,8.08,6.9,2.04,8.94,15.84,9.15,9.48,6.75,5.61,8.49,6.7,12.27,0
755,125.49999999999997,67.98,8.92,6.74,11.07,7.49,2.29,10.45,18.05,9.55,9.27,6.42,5.03,8.71,7.08,14.43,0
756,121.28999999999999,63.75,8.94,6.98,11.28,5.2,2.34,10.28,14.49,8.93,8.56,6.96,5.04,9.5,7.05,15.74,0
757,119.35000000000001,66.01,9.6,7.33,11.09,5.31,2.4,8.68,17.06,8.71,9.02,6.74,5.05,8.76,6.73,12.87,0
758,108.07999999999998,58.45,8.5,5.38,9.49,4.8,2.66,8.44,15.4,9.83,8.86,5.59,4.27,7.74,6.66,10.46,1
759,122.32000000000001,64.64,9.12,7.0,10.07,4.58,1.88,8.99,17.01,9.03,8.47,6.01,5.92,10.05,7.46,16.73,0
760,113.81,58.39,8.17,6.15,9.65,4.32,1.5,9.44,15.74,8.93,9.39,6.09,5.34,7.58,7.32,14.19,1
761,124.20999999999998,61.65,7.98,7.6,11.06,6.66,2.45,10.05,14.22,8.93,9.79,5.97,5.92,7.39,7.42,18.77,0
762,115.26,59.6,6.54,5.47,8.66,5.61,1.68,8.49,12.63,9.23,8.28,7.43,5.58,11.47,7.25,16.94,1
763,116.44999999999999,59.56,7.27,6.49,11.04,5.13,1.25,10.74,17.73,9.24,9.34,5.57,4.84,6.73,6.11,14.97,0
764,121.19000000000001,63.4,7.87,6.76,10.6,4.32,1.56,9.81,18.49,8.96,9.03,6.39,5.4,8.77,7.93,15.3,0
765,120.51,62.06,9.08,6.47,10.18,6.31,1.81,10.07,14.43,9.21,9.65,6.41,4.83,9.01,6.85,16.2,0
766,113.04999999999998,59.51,7.68,6.93,10.33,5.12,1.7,10.72,14.31,8.59,8.27,6.52,5.07,8.78,7.24,11.79,1
767,117.45000000000002,61.86,8.14,4.1,10.69,5.89,1.63,8.85,13.87,8.5,8.47,7.12,5.07,9.45,7.61,18.06,0
768,123.42,66.24,9.54,7.82,10.8,4.48,1.42,10.47,17.89,8.73,9.35,6.76,4.94,10.41,6.97,13.84,0
769,118.04,61.56,9.14,6.49,8.81,5.32,2.65,9.14,13.13,8.46,8.6,6.27,4.99,11.25,6.93,16.86,0
770,112.86,61.43,7.39,6.4,11.39,5.78,2.86,10.57,17.13,9.24,8.71,5.05,4.61,7.22,6.25,10.26,1
771,115.44,63.06,7.64,4.62,10.45,6.73,2.27,8.39,16.97,9.07,9.21,6.11,4.94,7.95,7.03,14.06,1
772,117.7,59.72,7.97,6.44,10.02,4.85,1.85,8.74,16.52,9.71,8.74,4.8,5.34,8.37,7.37,16.98,0
773,115.39000000000001,62.71,8.08,6.17,10.68,7.53,1.14,9.18,16.19,8.62,8.71,4.31,5.25,9.53,7.42,12.58,1
774,122.02,65.98,8.15,6.39,9.69,6.5,2.73,9.59,17.81,9.25,9.29,4.37,5.77,10.96,6.82,14.7,0
775,117.11000000000001,62.69,7.22,6.06,8.24,5.87,1.97,8.31,18.66,9.47,9.65,6.7,5.58,8.45,6.9,14.03,0
776,107.86999999999999,54.98,9.44,6.02,8.27,4.59,2.32,9.32,14.51,9.54,8.67,4.64,5.07,6.14,6.23,13.11,1
777,118.54000000000002,62.31,8.71,6.67,9.69,6.96,2.08,9.23,14.03,9.18,9.19,5.56,5.47,9.81,6.4,15.56,0
778,120.68,65.08,7.3,5.1,10.43,6.17,2.19,9.93,15.36,9.11,9.66,7.14,5.15,11.34,7.24,14.56,0
779,120.51,63.53,7.68,7.2,11.12,5.84,1.26,9.62,17.45,8.76,8.88,4.06,5.72,10.4,7.11,15.41,0
780,124.41,65.2,9.69,6.6,10.12,5.83,2.71,11.51,13.3,9.45,8.86,7.25,4.82,11.48,6.67,16.12,0
781,123.93,64.12,7.26,4.69,9.1,4.79,2.56,11.19,17.41,9.31,8.97,7.31,5.35,10.34,7.18,18.47,0
782,114.82000000000001,60.68,7.57,5.43,9.8,6.98,1.76,9.43,17.72,9.66,9.02,5.67,4.53,6.65,7.51,13.09,1
783,112.74000000000001,59.57,7.91,6.6,9.46,6.53,1.64,10.45,18.76,8.27,9.31,4.22,4.46,6.59,6.56,11.98,1
784,117.50999999999999,61.38,7.54,5.9,9.84,6.5,2.55,10.18,15.28,9.05,9.01,5.68,5.22,8.77,7.78,14.21,0
785,121.84,65.22,8.65,7.27,11.4,6.16,1.84,10.83,16.33,9.28,9.09,5.72,5.2,9.92,6.61,13.54,0
786,113.66999999999999,63.49,9.06,5.58,9.39,6.04,2.15,8.45,15.49,8.8,8.75,6.55,4.99,9.82,7.35,11.25,1
787,120.16,61.42,7.72,5.95,8.23,5.69,1.13,9.32,16.19,9.69,9.16,6.59,5.71,10.16,6.81,17.81,0
788,119.28,65.5,7.63,5.17,10.47,7.22,2.67,10.33,15.14,8.65,8.78,5.96,5.15,11.26,7.74,13.11,0
789,120.35999999999999,59.91,6.98,5.69,10.01,6.96,2.72,11.77,13.49,9.31,8.91,5.85,5.03,8.87,7.18,17.59,0
790,119.36999999999999,62.02,8.77,5.99,11.24,6.14,1.91,10.33,17.33,9.01,9.49,4.44,4.85,7.34,6.95,15.58,0
791,124.18,66.56,8.7,6.49,8.76,5.77,1.92,9.56,17.77,9.9,8.86,7.8,5.68,10.16,6.51,16.3,0
792,119.44999999999999,64.39,7.05,5.95,9.04,7.56,1.36,11.63,17.32,8.78,8.4,5.83,5.24,10.99,6.34,13.96,0
793,119.85999999999999,61.97,6.9,4.53,9.28,4.78,2.32,9.18,16.65,9.92,9.04,6.71,4.92,10.41,7.02,18.2,0
794,118.46,61.22,8.71,5.58,11.07,4.55,2.72,10.27,15.46,9.62,8.19,5.18,4.72,8.81,6.42,17.16,0
795,129.8,68.84,8.5,7.58,11.59,7.07,2.62,10.54,14.92,9.47,8.4,7.37,5.81,10.96,7.41,17.56,0
796,127.1,67.84,9.01,5.13,9.4,6.52,2.59,10.42,19.31,8.95,9.98,5.56,4.85,10.6,6.98,17.8,0
797,120.31000000000002,60.59,7.59,7.1,10.21,6.62,1.36,8.26,14.31,9.01,9.03,5.69,4.6,10.21,7.7,18.62,0
798,112.22,59.44,6.97,4.78,9.62,4.5,1.53,9.58,17.13,9.53,8.46,5.53,4.43,9.73,7.22,13.21,1
799,131.01,70.62,9.45,7.59,11.31,6.67,2.56,11.33,19.31,9.73,9.59,6.18,4.58,10.56,7.14,15.01,0
800,123.4,65.04,6.42,5.5,9.99,5.93,2.65,10.18,19.81,8.95,8.35,4.5,4.32,11.42,7.07,18.31,0
801,116.71000000000001,61.64,6.61,5.13,10.81,5.6,2.49,9.23,18.45,8.92,9.01,5.61,4.27,7.8,6.17,16.61,0
802,120.36,63.57,8.8,5.23,8.33,6.39,1.82,9.82,16.0,9.61,8.79,5.47,5.75,11.01,7.51,15.83,0
803,111.33,56.99,6.61,5.57,10.14,6.43,1.95,8.92,14.65,8.63,9.14,5.28,4.28,7.65,7.21,14.87,1
804,115.67,62.19,8.44,5.38,9.39,5.04,2.66,10.69,14.52,8.95,9.39,6.87,5.38,9.89,6.33,12.74,1
805,121.17999999999996,66.05,7.47,5.86,11.19,7.37,1.82,10.73,17.63,9.79,9.32,4.76,4.38,11.43,7.32,12.11,0
806,117.95000000000002,64.94,9.04,5.68,9.11,5.07,1.75,8.78,18.33,9.27,9.95,6.48,4.18,10.98,7.26,12.07,0
807,113.76,58.58,9.1,7.29,10.07,4.63,1.7,8.37,12.68,8.64,8.75,6.27,4.59,9.54,6.37,15.76,1
808,120.41,65.04,8.35,5.7,11.58,7.23,2.11,10.62,16.2,9.56,8.55,5.67,5.12,8.78,6.03,14.91,0
809,120.32000000000001,61.31,6.65,5.18,9.79,5.38,1.33,9.02,16.89,8.69,9.57,7.39,4.37,9.51,7.36,19.19,0
810,129.87,68.78,9.42,6.35,10.37,6.87,2.61,10.22,18.26,8.43,9.29,5.23,5.73,10.29,7.42,19.38,0
811,116.96000000000001,58.87,7.8,5.64,9.3,5.94,1.93,11.04,12.5,8.09,8.51,6.94,5.92,8.54,7.87,16.94,0
812,122.82,66.99,9.24,7.14,11.52,7.11,2.01,9.64,18.69,8.79,9.78,5.21,4.32,8.89,7.65,12.83,0
813,121.75999999999999,62.93,7.14,5.48,10.17,7.8,2.03,11.58,16.87,9.14,8.25,5.1,4.56,9.26,6.83,17.55,0
814,115.76000000000002,62.8,8.49,5.64,8.64,5.29,2.73,10.36,16.88,8.9,9.34,6.63,5.04,9.1,7.4,11.32,0
815,119.11999999999998,61.99,7.82,5.98,9.37,4.72,2.29,9.4,15.04,9.61,9.35,6.62,5.46,10.67,7.66,15.13,0
816,116.16999999999999,64.4,8.32,6.37,10.54,6.8,2.45,10.06,14.08,9.07,8.69,5.8,5.56,10.85,6.61,10.97,0
817,117.78,63.7,8.19,5.52,9.52,7.27,1.86,10.54,18.57,9.19,8.86,5.9,5.0,7.39,6.59,13.38,0
818,114.97,56.81,7.22,5.0,9.47,4.66,1.93,10.8,15.94,8.97,9.75,5.04,4.25,8.3,6.7,16.94,1
819,116.00999999999999,62.36,8.46,7.41,10.3,5.93,1.19,8.76,14.16,9.11,8.4,7.47,5.02,9.83,6.81,13.16,0
820,121.4,66.08,7.42,4.89,9.86,6.97,1.55,10.68,17.35,9.54,9.92,6.81,5.54,10.58,7.42,12.87,0
821,124.32,68.3,8.17,5.91,10.68,6.18,2.24,10.94,17.45,9.74,9.45,7.54,4.52,11.52,7.59,12.39,0
822,115.28999999999999,62.03,7.86,4.43,10.95,7.52,2.32,11.21,15.67,8.94,8.94,6.74,4.71,6.26,7.42,12.32,1
823,109.18999999999998,57.68,8.59,6.58,8.8,4.98,2.89,8.54,14.42,8.41,9.38,4.74,4.58,8.68,6.84,11.76,1
824,123.11,66.8,7.84,5.79,10.27,6.18,2.47,10.46,17.08,9.0,8.05,6.76,4.73,11.47,7.66,15.35,0
825,118.53999999999999,60.98,7.65,5.66,9.25,6.12,1.22,8.89,16.89,9.22,8.6,6.94,5.66,7.25,7.02,18.17,0
826,120.9,61.81,9.4,4.89,10.8,7.01,2.73,11.85,13.28,8.14,8.68,5.73,4.93,7.93,7.3,18.23,0
827,123.94999999999999,65.35,6.91,4.89,10.98,6.43,2.08,10.14,17.51,9.49,9.04,6.19,5.44,9.81,7.16,17.88,0
828,119.87,60.77,6.65,6.29,9.35,6.06,2.17,10.02,15.92,9.46,8.76,5.7,5.25,9.67,7.9,16.67,0
829,121.01,66.31,6.76,4.74,11.56,7.52,2.67,9.7,18.89,8.65,9.03,6.42,5.56,6.93,7.17,15.41,0
830,120.93999999999997,60.33,7.04,7.41,11.2,5.03,1.87,10.83,17.74,8.37,9.43,5.3,4.41,7.74,6.78,17.79,0
831,122.16000000000001,64.31,7.18,5.56,9.97,5.68,2.49,8.66,16.36,9.58,9.04,7.66,4.95,10.02,7.39,17.62,0
832,107.63,55.35,9.06,6.23,8.18,4.95,2.09,10.45,13.24,9.2,8.79,4.92,5.35,7.56,6.29,11.32,1
833,111.98,58.58,8.09,6.24,10.03,4.26,2.16,8.56,14.74,8.23,9.72,6.26,5.24,7.8,6.89,13.76,1
834,116.25999999999999,54.89,7.73,6.96,9.23,4.23,2.41,9.45,13.22,8.49,9.43,5.55,5.31,7.21,7.32,19.72,0
835,120.59,64.79,8.35,4.27,9.97,6.41,1.88,10.26,17.44,8.74,8.6,7.86,4.82,8.06,7.73,16.2,0
836,119.53999999999999,64.45,7.45,7.29,10.89,6.08,2.7,9.97,18.08,9.35,9.29,6.18,4.61,8.46,7.08,12.11,0
837,113.53,63.1,8.06,5.41,11.62,7.15,1.6,9.02,15.15,8.22,8.95,6.88,4.75,7.89,6.31,12.52,1
838,117.29999999999998,59.8,7.61,5.74,11.74,6.45,2.64,10.45,13.08,9.5,9.2,5.11,4.35,8.82,7.57,15.04,0
839,122.38000000000001,66.88,7.98,5.78,11.52,6.28,1.13,8.39,18.63,9.38,8.7,4.91,5.51,10.92,7.09,16.16,0
840,116.93,60.48,8.28,5.99,8.7,5.15,2.16,9.49,14.31,8.36,8.92,5.76,4.94,11.18,6.86,16.83,0
841,121.13999999999999,65.6,9.75,4.17,11.43,5.73,1.33,9.86,16.53,8.06,9.01,6.32,5.07,9.44,7.46,16.98,0
842,117.64,63.42,7.23,7.03,10.35,6.77,2.67,9.2,13.69,8.87,8.39,5.3,5.76,11.65,6.74,13.99,0
843,112.52000000000002,59.37,6.97,5.74,10.18,7.23,1.9,8.63,14.64,9.48,8.56,5.24,4.95,8.26,6.48,14.26,1
844,114.69999999999997,61.9,8.67,4.56,9.24,5.8,2.42,10.4,15.15,9.22,8.75,6.61,4.77,9.24,7.77,12.1,1
845,121.39000000000001,65.2,8.02,5.1,10.66,6.88,1.99,11.35,18.92,9.45,8.72,7.34,4.33,7.06,6.62,14.95,0
846,119.33999999999999,65.21,8.85,4.68,11.61,6.66,2.66,10.05,17.39,8.91,8.52,5.63,4.93,7.48,6.34,15.63,0
847,113.28,58.9,8.45,5.98,8.25,6.28,1.6,9.28,16.34,8.85,8.77,4.27,4.29,9.42,6.05,15.45,1
848,122.28000000000003,66.49,8.25,5.44,10.61,4.54,2.02,8.95,18.26,9.06,8.79,7.43,4.99,10.39,6.98,16.57,0
849,114.3,62.47,7.17,5.49,10.87,5.59,1.61,10.63,18.26,9.44,9.19,6.28,4.82,7.87,6.17,10.91,1
850,116.75999999999999,64.99,6.48,6.28,11.44,4.29,1.94,9.46,18.99,9.78,9.06,6.79,4.43,10.63,7.02,10.17,0
851,121.2,62.5,7.45,5.86,8.96,5.84,1.35,10.44,15.08,9.16,9.26,7.79,5.74,10.29,7.0,16.98,0
852,115.82000000000001,65.52,9.29,6.52,11.15,6.81,2.71,8.83,17.32,8.41,8.07,6.02,4.75,7.47,7.08,11.39,0
853,122.24,65.38,9.69,7.15,10.51,7.49,2.36,11.63,17.98,9.38,8.74,5.28,4.83,7.24,6.62,13.34,0
854,120.64000000000001,63.74,8.68,5.07,10.88,6.02,2.97,11.01,15.4,8.69,8.34,5.78,5.87,8.14,7.14,16.65,0
855,118.26000000000002,63.07,7.19,6.41,10.56,4.76,1.76,10.43,16.03,8.86,9.68,7.01,4.53,11.23,7.33,12.48,0
856,114.35,60.23,6.48,6.27,11.17,6.54,2.5,10.67,14.93,9.8,8.75,6.22,5.55,6.84,6.74,11.89,1
857,124.54,65.45,7.23,5.14,11.36,6.58,1.61,10.97,19.37,9.12,9.23,6.35,4.83,8.12,7.96,16.67,0
858,120.69,64.69,8.58,7.93,9.69,7.4,2.06,10.35,16.06,9.67,9.42,7.22,4.54,9.14,6.36,12.27,0
859,121.24000000000001,65.86,8.19,4.99,11.06,5.68,1.21,8.54,18.49,9.89,9.35,5.36,5.2,10.67,6.65,15.96,0
860,108.14000000000003,56.72,6.32,6.96,8.56,5.67,1.12,8.58,16.34,8.59,9.43,5.5,5.04,8.17,7.11,10.75,1
861,120.23,61.61,8.92,5.85,8.88,5.48,1.59,10.02,16.05,9.45,8.31,4.7,4.9,11.09,6.36,18.63,0
862,114.91999999999999,58.62,7.51,6.73,8.41,5.28,2.31,8.94,14.95,8.72,8.66,6.08,5.31,8.77,7.52,15.73,1
863,122.57,64.4,9.63,6.09,9.77,5.54,2.58,11.51,17.87,8.09,8.38,7.14,4.59,7.28,7.6,16.5,0
864,122.22000000000003,67.01,8.15,6.76,11.46,5.63,1.57,10.49,18.06,9.14,8.34,7.29,5.37,9.48,6.66,13.82,0
865,128.08999999999997,65.63,9.15,7.28,11.65,7.8,2.48,11.69,15.6,8.88,8.68,6.31,4.92,7.72,7.88,18.05,0
866,120.78,67.5,9.5,6.2,8.07,7.24,2.28,11.03,17.11,9.02,8.75,7.21,5.69,10.4,6.62,11.66,0
867,116.2,59.84,6.65,5.74,9.78,7.0,1.92,9.9,13.04,8.74,8.64,7.36,4.69,9.4,7.39,15.95,0
868,121.12,59.84,7.93,7.24,10.06,6.09,1.11,10.19,14.1,8.27,9.83,7.47,5.59,7.49,7.07,18.68,0
869,112.96,60.67,6.77,7.41,11.25,6.03,2.57,9.8,15.89,8.16,8.42,5.05,5.06,8.05,6.69,11.81,1
870,119.70000000000002,63.15,9.08,6.92,9.98,5.02,2.53,10.76,14.29,8.56,9.18,6.54,5.59,10.12,7.32,13.81,0
871,122.11999999999999,66.6,8.33,5.02,10.22,6.05,2.15,9.34,17.3,8.64,9.02,6.33,5.63,10.59,7.91,15.59,0
872,119.27,63.59,8.7,5.22,9.32,5.22,1.64,10.69,18.18,9.1,9.34,6.79,5.69,8.05,6.69,14.64,0
873,127.56000000000002,67.77,9.41,7.32,10.23,7.07,2.38,10.84,18.71,8.32,8.39,6.26,4.78,8.93,7.06,17.86,0
874,125.41,66.64,8.49,5.68,11.61,5.16,2.62,11.41,15.62,8.96,9.77,7.56,5.59,9.99,6.66,16.29,0
875,107.57000000000001,57.02,6.66,5.08,9.26,5.78,2.83,8.76,13.79,9.4,8.68,5.78,4.6,8.32,6.18,12.45,1
876,117.07000000000001,60.54,9.55,6.05,9.21,7.2,1.49,10.13,15.35,9.58,9.02,5.49,4.63,7.62,6.94,14.81,0
877,113.25999999999999,58.77,8.44,5.17,10.9,5.38,1.98,11.33,15.47,9.14,9.05,4.46,4.73,7.41,6.73,13.07,1
878,114.34,59.83,7.22,7.35,8.84,6.37,1.96,9.94,15.59,8.73,8.18,5.69,5.49,8.67,6.7,13.61,1
879,117.79999999999998,63.77,8.23,6.14,10.08,6.05,1.94,11.91,17.65,8.67,8.96,5.5,4.55,9.77,6.19,12.16,0
880,124.63,65.4,7.46,7.15,10.68,5.08,2.05,9.24,17.51,8.8,9.71,7.27,5.21,10.14,7.12,17.21,0
881,109.07,57.65,7.44,4.64,10.41,6.53,2.41,10.06,14.59,8.22,9.06,4.5,4.58,7.19,6.86,12.58,1
882,116.92999999999999,64.57,7.08,5.94,11.57,6.0,1.7,10.41,18.67,8.79,8.52,6.48,4.38,8.69,7.56,11.14,0
883,108.38999999999999,54.92,7.89,4.96,8.09,5.13,1.63,8.17,12.61,9.26,9.49,5.3,4.85,9.42,6.09,15.5,1
884,119.87999999999998,61.19,6.52,7.32,10.2,4.7,2.14,9.51,17.08,9.33,9.02,5.49,4.24,10.82,7.5,16.01,0
885,121.48999999999998,68.85,9.52,6.01,10.58,6.23,1.67,10.77,18.54,8.7,8.47,5.99,4.6,11.72,6.46,12.23,0
886,115.4,59.55,8.93,5.66,8.64,5.28,1.27,9.49,17.45,9.64,9.65,6.61,4.2,7.17,6.66,14.75,1
887,117.96,61.42,8.46,7.24,8.29,5.01,1.31,9.6,19.05,9.73,9.66,6.63,4.61,8.06,7.14,13.17,0
888,119.96000000000001,63.96,8.04,4.72,9.15,7.38,2.23,8.7,14.55,9.66,8.39,6.79,5.45,10.37,7.3,17.23,0
889,121.50000000000001,66.5,6.77,6.73,11.08,6.78,2.91,11.46,19.37,9.59,8.56,4.84,4.97,9.78,7.29,11.37,0
890,113.75999999999999,60.18,6.88,7.49,10.12,5.43,1.6,9.3,15.26,9.09,8.43,6.31,4.94,9.64,6.35,12.92,1
891,118.07,62.84,9.64,4.76,10.06,6.98,2.72,10.71,14.64,9.24,9.13,4.87,4.6,9.33,6.29,15.1,0
892,125.4,63.43,6.36,6.96,10.86,4.64,2.34,10.29,18.05,9.62,8.99,6.09,5.06,10.03,7.56,18.55,0
893,121.59,63.52,7.41,6.21,11.94,6.37,2.55,11.81,14.27,8.68,9.81,4.83,5.13,11.02,7.72,13.84,0
894,111.03,62.89,8.47,4.3,9.91,5.81,2.42,8.89,17.41,8.81,8.69,4.64,4.48,9.75,6.2,11.25,1
895,110.19,52.06,7.61,5.57,8.6,4.81,1.1,10.58,14.18,9.13,8.65,4.24,4.21,7.31,6.24,17.96,1
896,114.28999999999999,57.94,8.52,5.85,8.7,4.94,2.01,9.31,14.75,9.45,9.69,6.02,5.11,7.89,6.76,15.29,1
897,119.38,59.74,8.38,6.48,9.31,4.63,1.25,9.0,17.16,8.95,9.51,5.58,5.05,8.38,6.98,18.72,0
898,116.25000000000001,60.64,6.07,4.92,11.38,6.06,2.33,9.63,13.12,9.55,8.7,6.29,5.72,9.67,7.39,15.42,0
899,116.55999999999999,60.15,6.97,5.72,11.97,5.66,2.27,10.14,13.52,9.28,9.75,6.21,5.41,8.14,6.6,14.92,0
900,109.93999999999998,55.65,9.44,5.52,10.02,5.24,1.08,11.27,14.33,9.52,9.21,4.32,4.5,6.72,7.1,11.67,1
901,120.35000000000002,64.8,7.44,5.18,10.96,5.75,2.19,10.61,16.04,9.79,9.03,5.64,5.66,11.12,7.51,13.43,0
902,109.4,57.97,9.03,7.29,11.05,6.28,1.2,9.54,15.24,8.51,8.74,4.89,4.25,6.03,6.57,10.78,1
903,118.31,62.09,9.13,6.87,8.75,4.63,1.5,9.2,14.81,9.25,9.82,7.16,4.26,11.85,6.99,14.09,0
904,115.59,57.86,7.47,5.59,8.48,4.07,2.27,9.17,16.33,8.31,8.78,5.09,5.58,8.57,7.61,18.27,1
905,113.35,57.44,6.69,6.36,8.87,5.75,2.62,10.33,13.53,8.94,8.32,6.73,5.66,7.59,7.02,14.94,1
906,114.64,60.21,6.6,5.56,9.35,6.63,2.64,9.73,13.78,8.63,9.31,6.16,4.87,10.18,7.4,13.8,1
907,115.57,58.92,8.97,6.86,8.32,5.56,2.21,9.17,15.08,9.34,9.43,6.66,4.45,7.67,6.82,15.03,1
908,115.27000000000001,59.02,7.11,4.95,9.37,4.53,2.47,8.65,13.94,9.15,9.04,4.67,5.64,11.29,7.51,16.95,1
909,124.60999999999997,65.62,9.16,7.69,11.26,4.85,1.82,9.79,17.15,9.85,9.57,6.88,4.81,9.69,6.99,15.1,0
910,125.07999999999998,69.23,9.13,5.87,11.24,6.55,2.18,10.66,18.55,9.03,9.5,5.63,4.8,11.15,7.69,13.1,0
911,110.42999999999999,54.89,8.44,6.94,9.04,5.98,1.93,10.28,13.35,9.69,9.02,5.08,4.13,6.94,6.26,13.35,1
912,122.71,66.46,9.26,7.61,8.62,7.15,1.66,9.38,19.18,8.6,9.52,7.25,4.9,8.44,6.89,14.25,0
913,123.58,65.81,7.37,5.35,10.79,7.0,2.42,9.69,14.88,9.31,8.55,7.4,4.68,11.27,7.9,16.97,0
914,116.60000000000001,58.87,7.27,5.13,8.05,4.87,2.03,10.97,16.27,8.83,8.95,5.43,4.97,9.98,7.58,16.27,0
915,122.10000000000001,65.4,6.28,6.55,9.9,5.63,2.67,9.99,16.36,9.66,8.73,6.97,5.94,11.65,7.66,14.11,0
916,116.38999999999999,63.12,8.82,5.45,11.28,4.52,1.64,10.85,17.76,9.13,8.76,6.69,4.5,7.91,7.61,11.47,0
917,118.49,64.62,6.75,6.17,11.07,7.32,2.41,9.89,17.65,9.19,9.13,5.81,4.79,8.82,7.02,12.47,0
918,115.77,57.83,8.27,6.25,8.37,4.44,1.29,8.82,16.57,9.0,9.65,4.58,4.98,9.33,6.67,17.55,0
919,111.63,58.57,7.43,4.27,10.17,6.31,2.54,8.16,12.2,8.67,9.29,6.4,4.47,9.05,6.49,16.18,1
920,118.82,63.67,6.31,4.74,8.21,6.74,1.68,10.2,17.41,8.77,9.54,6.02,5.83,11.47,6.92,14.98,0
921,122.94,64.71,7.45,6.41,10.43,5.19,2.17,11.41,17.91,9.87,8.49,6.3,4.57,10.69,6.98,15.07,0
922,110.23,58.01,7.23,6.39,10.92,4.8,2.49,8.35,15.13,8.34,8.46,4.31,4.81,8.32,6.52,14.16,1
923,122.25000000000001,65.86,9.31,7.6,10.64,6.54,1.88,9.78,17.23,9.36,9.17,4.82,4.96,10.48,6.72,13.76,0
924,119.09999999999998,63.6,8.36,5.58,9.5,5.43,2.53,8.45,15.04,9.1,9.35,7.08,4.53,11.13,6.55,16.47,0
925,132.29000000000002,70.33,8.42,6.34,9.62,7.31,2.38,11.08,18.97,8.77,9.17,7.2,4.99,11.44,7.68,18.92,0
926,109.9,55.3,6.5,4.08,9.48,5.19,2.89,10.18,14.07,9.11,8.9,5.82,4.06,7.29,6.78,15.55,1
927,125.59,65.36,8.41,7.84,11.7,5.9,2.23,11.09,15.06,9.23,8.92,6.13,5.26,10.67,7.47,15.68,0
928,120.68,63.52,7.62,7.09,9.5,6.09,1.8,9.38,16.88,8.74,9.51,7.01,4.67,9.95,6.51,15.93,0
929,118.97,61.97,9.02,4.15,9.4,6.87,2.12,10.92,16.93,9.75,8.22,5.9,4.2,7.53,7.8,16.16,0
930,116.74,62.91,9.51,4.12,8.33,5.56,1.82,8.63,18.99,9.48,9.96,6.02,4.77,7.91,6.31,15.33,0
931,113.91,59.6,7.41,5.95,10.03,5.55,2.18,9.75,16.48,8.91,8.92,4.71,5.6,7.64,7.18,13.6,1
932,118.63999999999999,62.73,7.29,6.46,9.79,5.99,2.11,9.95,15.9,8.95,9.63,6.0,4.77,10.88,6.84,14.08,0
933,117.65000000000002,63.09,9.8,7.07,9.62,6.02,1.91,9.86,14.02,9.81,8.31,5.92,5.01,10.79,7.0,12.51,0
934,123.79000000000002,66.2,9.24,5.8,9.82,6.34,1.98,8.77,18.24,9.26,8.9,6.45,5.03,9.1,6.68,18.18,0
935,119.10000000000002,63.21,6.81,6.62,10.35,6.96,1.39,8.91,17.52,8.65,9.39,6.17,4.95,9.06,7.11,15.21,0
936,123.12,67.0,7.8,7.2,10.25,6.76,2.31,10.83,17.34,8.51,9.54,7.24,4.82,10.48,7.32,12.72,0
937,115.44000000000001,62.2,9.55,4.7,9.98,5.24,1.52,10.23,15.04,8.94,9.19,6.29,5.09,9.49,6.79,13.39,1
938,121.19999999999999,62.86,6.62,4.51,9.77,5.64,2.19,10.77,16.74,9.72,9.93,6.26,5.37,10.27,6.89,16.52,0
939,112.03,58.88,6.2,5.01,10.08,6.64,2.18,9.19,14.17,9.81,9.75,5.97,4.3,9.34,7.93,11.46,1
940,124.09,64.19,7.96,6.16,9.48,6.91,1.88,10.45,17.89,9.53,9.62,6.49,4.67,8.91,6.6,17.54,0
941,109.82,55.91,8.39,6.84,8.54,6.32,1.96,9.19,14.47,8.11,9.84,5.1,4.94,6.19,6.31,13.62,1
942,111.72,53.55,6.92,5.93,8.44,6.08,1.11,9.49,13.92,9.41,9.18,6.14,4.92,6.02,7.37,16.79,1
943,120.69000000000003,63.7,8.25,4.61,9.74,6.29,1.91,10.57,18.18,8.76,9.71,5.73,5.51,8.09,7.63,15.71,0
944,122.19000000000001,64.93,8.59,4.63,10.86,7.53,2.99,11.16,17.39,9.76,9.56,4.56,4.7,8.31,7.57,14.58,0
945,119.21,63.41,8.14,5.37,8.62,4.63,2.09,8.37,19.07,9.86,8.86,6.68,4.07,10.11,6.9,16.44,0
946,120.32999999999998,61.29,8.82,5.29,8.34,6.42,1.41,10.58,18.5,9.1,9.89,4.85,4.55,8.4,7.27,16.91,0
947,114.19,57.46,7.52,7.57,9.81,6.96,2.27,11.21,14.27,8.31,8.98,5.48,4.43,6.72,7.3,13.36,1
948,122.66999999999999,64.27,7.16,4.49,10.5,7.22,2.69,9.74,16.4,8.72,8.64,5.74,5.18,9.38,7.4,19.41,0
949,112.04999999999998,58.67,8.55,7.47,8.64,5.05,1.43,10.3,13.14,8.43,8.78,7.51,5.52,8.83,6.93,11.47,1
950,123.80000000000001,63.92,7.62,5.67,9.28,4.28,2.86,10.32,17.91,8.78,9.01,6.22,4.73,11.02,6.89,19.21,0
951,119.28,64.56,6.47,7.72,10.62,6.95,2.53,8.57,19.9,9.53,9.81,5.65,4.53,7.91,6.58,12.51,0
952,126.07,66.33,8.34,6.52,11.77,7.24,2.36,8.65,16.48,8.88,8.45,6.47,4.43,9.24,7.56,19.68,0
953,117.96,60.27,6.02,7.12,10.58,6.87,2.5,10.67,16.3,9.04,8.45,4.71,4.38,8.91,7.68,14.73,0
954,115.48,59.54,8.93,7.67,10.36,6.25,1.42,9.77,15.01,9.48,8.72,5.42,4.55,7.6,7.04,13.26,1
955,115.17,59.56,7.79,6.43,10.14,5.17,2.16,10.04,14.97,9.09,8.97,5.8,5.02,8.51,6.6,14.48,1
956,122.54,64.93,8.57,6.6,9.24,4.64,2.74,10.39,18.78,9.33,9.04,5.78,5.55,9.63,6.85,15.4,0
957,123.47,69.56,9.61,6.26,10.44,5.86,2.42,10.11,18.09,9.51,9.12,6.46,5.39,11.29,7.03,11.88,0
958,116.05999999999999,58.65,6.67,4.42,10.37,6.89,2.13,9.87,16.35,8.43,8.89,4.93,4.23,7.08,7.27,18.53,0
959,120.75999999999999,64.81,7.3,5.97,11.68,4.09,1.39,9.32,19.49,8.93,9.55,6.99,5.33,8.54,7.03,15.15,0
960,123.85,64.78,7.65,5.76,10.71,6.84,2.01,9.83,15.02,8.75,9.05,6.22,5.59,10.74,7.23,18.45,0
961,114.97,62.09,6.26,5.52,9.17,6.57,1.68,10.93,16.5,9.72,8.18,5.6,4.56,11.75,6.54,11.99,1
962,114.88,61.78,7.78,4.67,10.03,4.72,2.27,9.18,16.04,8.64,8.61,6.49,5.33,9.12,6.64,15.36,1
963,119.30000000000001,63.01,7.22,4.85,11.46,7.68,2.91,10.95,12.95,9.65,8.77,6.83,4.79,9.17,6.63,15.44,0
964,120.28999999999999,62.51,8.31,5.58,9.28,4.97,1.93,10.21,16.64,9.37,9.55,5.21,5.55,10.62,7.1,15.97,0
965,126.55000000000001,67.97,7.86,6.54,11.57,4.37,2.79,8.66,16.96,8.1,8.55,7.25,5.66,11.51,6.98,19.75,0
966,119.67,63.88,8.38,4.47,11.2,7.61,2.8,9.93,17.62,9.45,9.51,4.45,4.75,7.07,6.91,15.52,0
967,123.39999999999999,66.23,8.66,5.05,10.89,6.8,2.85,10.0,14.98,8.24,8.99,6.19,5.58,10.28,6.63,18.26,0
968,130.94,69.57,8.32,4.24,10.85,6.59,2.32,11.05,18.95,9.69,9.51,6.08,4.96,11.5,7.82,19.06,0
969,108.56,56.52,8.64,6.48,11.13,5.37,2.33,9.65,13.22,9.19,9.78,4.27,4.8,6.76,6.22,10.72,1
970,107.66,56.29,7.1,5.07,10.38,5.49,1.95,8.53,14.91,8.95,8.06,4.76,4.71,6.99,6.9,13.86,1
971,117.92,63.08,9.38,6.29,11.17,6.52,1.66,9.13,15.74,9.29,8.68,4.59,4.66,9.36,6.85,14.6,0
972,111.8,58.94,7.63,5.78,9.42,4.73,1.85,11.0,15.51,8.76,8.86,5.47,4.62,9.71,6.66,11.8,1
973,115.10999999999999,58.49,7.57,5.31,10.12,5.92,1.84,11.54,14.91,8.98,8.62,5.5,5.28,7.35,7.21,14.96,1
974,121.82000000000001,63.06,8.59,5.86,10.2,6.14,2.5,10.21,14.48,8.18,9.01,6.82,5.03,9.3,7.91,17.59,0
975,120.86999999999999,61.34,8.0,6.44,10.29,7.09,2.02,9.15,14.01,9.24,9.26,5.33,4.96,9.64,7.61,17.83,0
976,114.06999999999998,59.3,7.79,6.55,9.54,6.42,2.08,9.08,16.53,9.2,8.79,5.03,4.57,7.34,6.85,14.3,1
977,117.37000000000002,64.54,7.03,5.03,9.6,5.99,2.59,9.18,17.96,8.41,9.19,5.53,5.7,10.14,7.04,13.98,0
978,116.47999999999999,62.95,6.93,5.67,11.28,5.51,2.58,9.39,18.28,9.69,8.84,4.68,5.01,8.68,6.4,13.54,0
979,113.46,59.14,9.19,5.39,10.99,4.16,2.58,9.93,14.54,8.58,8.33,5.24,4.91,7.53,6.84,15.25,1
980,115.23,57.26,7.57,6.3,9.83,4.63,1.5,11.23,16.95,9.36,9.41,4.31,5.69,6.78,6.26,15.41,1
981,112.03999999999999,59.16,6.77,4.59,10.0,5.3,1.74,10.68,15.37,9.07,8.64,4.83,4.87,10.28,6.38,13.52,1
982,122.49000000000001,66.03,9.02,4.97,8.77,5.56,2.05,10.32,18.85,9.32,9.33,6.39,5.5,9.89,7.62,14.9,0
983,124.08000000000001,67.17,8.26,5.45,9.39,6.18,2.21,10.47,17.36,9.88,8.58,7.31,5.25,11.21,7.6,14.93,0
984,117.49,62.91,8.22,5.89,10.06,6.14,1.94,9.34,15.96,8.56,8.33,5.97,5.43,9.19,6.74,15.72,0
985,112.00999999999999,59.55,7.56,4.59,11.05,5.22,1.79,10.45,13.75,8.06,8.52,5.61,5.11,9.46,7.23,13.61,1
986,120.62000000000002,58.28,7.74,7.42,8.76,5.49,1.95,10.0,14.57,9.44,8.89,7.0,5.73,7.04,7.09,19.5,0
987,125.14999999999999,64.14,8.16,6.75,9.05,7.61,2.53,9.44,14.4,9.37,9.09,6.46,5.58,10.35,7.8,18.56,0
988,109.73000000000002,57.94,6.07,5.93,9.58,7.03,1.71,9.31,14.05,8.23,8.69,5.73,4.96,8.81,7.57,12.06,1
989,111.69,52.33,6.23,7.38,10.01,4.19,1.45,11.17,13.44,8.74,9.16,5.51,4.4,7.1,6.83,16.08,1
990,118.64999999999999,62.72,7.02,5.91,11.5,7.23,2.96,11.68,15.51,8.65,8.17,4.78,5.32,8.4,6.08,15.44,0
991,119.65,64.86,9.66,6.94,11.4,4.92,2.33,10.32,16.97,8.82,8.73,7.22,4.9,7.46,7.27,12.71,0
992,117.27000000000001,64.1,8.46,5.68,9.6,5.76,2.41,9.18,18.22,8.61,9.03,6.05,4.51,9.09,7.45,13.22,0
993,121.17,59.8,8.56,7.16,9.17,5.61,1.98,10.36,13.8,8.35,8.75,5.54,5.42,9.72,7.24,19.51,0
994,104.75,52.72,7.21,4.84,8.98,4.8,2.31,9.29,12.35,8.87,9.08,4.77,4.8,7.5,6.4,13.55,1
995,117.86,62.78,7.32,5.0,9.55,7.27,2.87,11.22,15.21,8.76,8.5,6.92,4.94,8.7,7.19,14.41,0
996,109.25999999999998,56.44,7.22,5.1,8.34,7.42,1.85,9.1,13.8,9.15,8.95,5.53,4.18,8.1,6.03,14.49,1
997,118.84,62.52,9.27,7.61,10.32,6.4,2.07,9.17,16.54,9.23,9.13,5.73,4.68,7.51,7.1,14.08,0
998,118.89999999999999,60.04,8.01,6.44,8.56,5.93,1.36,10.94,17.23,9.36,9.22,5.68,5.35,7.92,7.28,15.62,0
999,114.69,60.55,6.75,5.65,8.36,6.1,1.66,10.27,16.63,9.83,9.15,6.89,5.71,8.45,6.99,12.25,1
1000,118.37,57.53,7.04,7.51,8.22,5.12,1.35,8.93,14.16,8.71,9.07,5.08,5.62,10.94,7.69,18.93,0
