Sample,Total_Duration,Total_duration_at_mid_gate,SpecifySystem,DeploySystem,DesignHardware,PrototypeHardware,TestHardware,ManufactureHardware,DesignSoftware,ImproveSoftware,ReleaseSoftware,DesignDocumentation,DesignTraining,PrepareCertification,TrainOperators,FinalizeCertification,Status
522,114.99,61.66,7.74,6.3,11.18,6.31,2.65,10.43,16.42,8.23,8.69,4.99,4.75,7.62,6.54,13.14,1
738,119.0,58.49,8.66,5.54,9.2,5.36,2.32,11.39,15.7,8.65,8.97,5.34,4.49,7.42,7.29,18.67,0
741,118.59,62.78,9.48,6.35,9.73,5.4,2.28,8.58,17.61,9.78,9.88,6.16,4.79,7.33,6.87,14.35,0
661,124.81,63.6,8.35,6.62,10.78,5.14,2.17,11.07,14.93,9.17,8.78,5.99,4.74,11.5,7.71,17.86,0
412,112.6,56.08,6.92,5.63,8.72,4.62,2.74,9.25,15.63,9.33,9.52,5.7,4.42,7.33,6.36,16.43,1
679,114.74000000000002,59.07,7.08,4.63,10.41,6.87,2.78,9.93,12.81,8.88,9.16,6.71,4.65,7.76,7.2,15.87,1
627,124.42,64.8,7.43,5.12,9.07,7.56,2.49,10.24,16.61,9.87,8.83,5.32,5.53,10.79,7.35,18.21,0
514,115.72,60.93,9.47,5.94,9.65,4.76,1.55,8.46,15.28,9.53,8.32,5.22,4.81,10.19,7.35,15.19,0
860,115.95000000000002,59.83,7.01,5.71,9.05,5.54,1.59,9.02,15.75,9.02,9.21,6.4,4.67,9.82,7.34,15.82,0
137,114.30000000000004,56.7,7.63,4.99,8.75,4.99,1.26,10.24,14.06,8.95,9.43,5.68,5.37,8.96,7.45,16.54,1
812,117.78000000000002,61.36,7.82,5.51,10.05,5.37,2.62,9.98,13.78,8.17,8.75,6.93,5.1,9.69,6.43,17.58,0
77,118.17000000000002,61.48,7.3,5.21,9.05,6.43,2.28,11.21,16.51,9.36,8.56,7.41,5.6,6.9,6.7,15.65,0
637,111.11,61.48,7.4,4.47,11.12,7.27,1.84,10.72,16.21,8.31,8.79,5.48,5.15,7.01,6.42,10.92,1
974,115.74,64.86,7.15,4.83,9.04,7.14,2.0,9.5,19.71,8.8,9.5,7.15,5.25,7.42,6.37,11.88,0
939,120.13,63.55,9.37,7.46,9.93,5.79,1.78,10.15,18.84,8.78,8.78,5.44,4.39,8.01,6.64,14.77,0
900,114.15,60.68,6.42,4.51,8.39,5.36,1.64,9.88,17.27,9.1,8.78,6.57,5.67,9.36,7.08,14.12,1
281,127.85000000000002,65.5,7.03,7.93,11.46,7.69,2.98,11.04,12.9,9.0,9.64,7.07,5.45,10.92,7.68,17.06,0
884,115.89,62.49,8.1,5.87,10.07,4.45,2.47,10.69,16.07,8.91,8.75,7.88,5.62,7.83,7.74,11.44,0
762,120.48,66.41,7.47,5.88,11.13,7.14,2.83,11.6,17.05,8.63,9.35,4.11,4.97,11.71,6.58,12.03,0
320,107.83,55.13,7.15,7.25,9.38,5.61,1.85,8.63,13.01,8.51,9.71,5.43,5.34,7.36,6.96,11.64,1
550,121.04,64.54,8.19,5.48,8.71,7.58,2.09,10.31,17.12,8.35,8.1,6.44,4.77,9.64,6.94,17.32,0
175,113.90999999999998,62.39,8.59,4.95,11.23,5.34,1.63,8.46,13.33,8.82,9.24,7.35,5.07,9.85,7.74,12.31,1
372,109.81,57.06,7.0,5.53,8.85,5.33,2.91,9.0,12.44,8.05,8.6,6.94,5.63,7.96,7.54,14.03,1
528,110.96,59.79,6.76,6.2,9.89,6.78,2.79,9.18,13.99,8.21,8.91,6.62,5.55,7.41,6.44,12.23,1
211,120.17999999999998,64.99,6.03,4.57,10.62,7.01,1.63,10.52,17.1,8.69,8.71,6.88,5.04,10.68,6.71,15.99,0
236,125.61,64.75,8.01,5.87,9.53,5.62,2.71,10.33,17.96,8.75,9.62,6.17,5.24,9.51,7.77,18.52,0
102,120.2,63.9,9.14,6.7,8.8,6.02,2.72,9.71,16.0,9.29,8.87,6.58,5.22,9.42,6.6,15.13,0
987,117.93,62.43,7.54,6.86,9.31,6.11,2.21,10.23,18.75,9.96,9.44,5.7,4.55,8.26,6.78,12.23,0
903,126.62999999999998,66.86,6.94,6.51,11.46,7.36,2.41,10.59,17.85,9.53,9.38,5.05,4.71,11.08,6.52,17.24,0
948,114.15,60.79,7.73,4.59,8.44,4.8,1.34,8.16,16.64,9.09,9.37,5.46,5.42,10.96,7.67,14.48,1
347,119.82,62.98,9.53,6.11,9.81,6.38,1.51,9.91,16.12,9.29,8.53,6.01,5.64,7.98,7.73,15.27,0
140,115.11,60.73,6.36,5.3,8.86,5.71,1.3,9.14,16.8,8.62,8.51,6.07,4.73,10.9,6.85,15.96,1
622,123.68999999999998,65.41,9.17,5.66,11.36,5.24,1.62,9.4,15.95,8.73,9.1,5.99,5.09,10.99,7.23,18.16,0
500,112.75,60.85,6.51,6.69,10.33,7.41,2.76,10.37,15.16,8.51,8.89,6.58,4.29,7.81,6.45,10.99,1
371,116.7,61.14,8.04,6.13,9.57,7.46,2.15,9.66,12.51,9.17,9.03,6.38,4.81,10.22,7.41,14.16,0
199,113.23999999999998,60.36,7.16,6.72,10.7,6.12,2.23,9.64,14.45,8.75,8.6,4.95,4.67,10.08,6.71,12.46,1
688,124.04999999999998,64.15,9.25,7.13,8.47,4.49,1.41,11.16,16.78,9.2,9.03,6.71,5.55,11.49,7.32,16.06,0
585,115.73,62.15,8.21,6.84,9.88,6.34,2.7,10.13,17.6,8.85,9.03,4.67,4.82,7.93,6.21,12.52,0
902,129.08999999999995,67.35,8.12,5.71,10.73,6.1,2.65,11.54,17.01,8.75,8.99,6.49,4.94,11.31,7.11,19.64,0
60,116.55999999999996,61.77,7.29,5.1,9.66,5.37,1.73,9.13,16.07,9.29,8.93,7.0,5.35,9.3,6.99,15.35,0
329,111.04,58.41,7.08,4.54,10.23,4.65,2.47,10.3,14.08,8.78,8.46,5.42,4.42,10.06,7.17,13.38,1
97,119.71999999999998,63.22,7.81,5.52,10.27,4.55,1.03,9.53,16.34,9.31,9.18,6.94,5.49,10.79,6.97,15.99,0
313,109.88,52.73,8.86,6.31,8.27,4.12,1.65,10.53,13.08,9.24,9.23,4.92,4.85,6.98,6.04,15.8,1
975,115.03,57.87,7.16,6.72,9.42,5.96,1.48,8.36,13.25,8.22,8.53,7.31,4.67,8.62,7.87,17.46,1
300,118.9,62.43,7.01,4.53,9.1,4.46,1.6,9.83,18.24,8.95,9.64,7.31,5.86,8.85,7.29,16.23,0
278,110.19,56.84,8.14,6.92,9.12,4.34,1.16,8.42,16.19,8.6,9.12,5.05,5.03,7.81,7.58,12.71,1
925,109.16,55.9,9.11,6.25,9.72,6.29,1.5,9.13,13.62,9.69,8.53,5.0,4.34,6.32,6.24,13.42,1
602,110.31,54.96,7.82,5.47,10.51,5.49,1.54,9.15,12.86,9.16,9.37,5.85,4.18,6.71,7.61,14.59,1
440,126.36,66.79,8.5,5.66,11.46,6.6,2.42,10.95,17.91,9.48,9.5,6.24,5.39,8.27,7.84,16.14,0
838,122.68,62.41,7.04,6.42,10.81,4.28,2.26,10.9,17.68,8.67,8.83,5.45,5.65,9.24,7.03,18.42,0
571,121.17,65.1,7.02,4.71,10.27,7.36,1.27,9.87,17.24,9.51,8.88,6.72,4.7,10.52,6.79,16.31,0
880,113.55,54.96,8.14,7.68,8.92,4.4,1.84,9.99,14.44,8.96,8.99,4.96,4.54,7.72,7.16,15.81,1
262,125.21999999999998,64.44,7.0,4.52,10.32,5.66,2.45,10.64,17.78,9.39,9.47,6.71,4.85,9.67,7.71,19.05,0
579,127.03,66.37,8.32,6.12,9.29,4.8,1.88,11.19,18.53,8.57,8.85,7.0,5.51,11.04,6.49,19.44,0
24,117.07999999999998,59.57,8.86,6.26,9.58,5.35,1.41,8.94,15.64,9.61,8.79,5.99,5.03,7.71,6.51,17.4,0
31,124.74,65.82,9.77,4.35,9.84,6.56,1.85,11.21,17.26,9.48,8.98,6.44,5.49,8.61,7.33,17.57,0
618,115.59,59.64,8.77,4.17,8.2,6.42,1.86,9.62,16.56,8.75,9.25,5.47,5.13,7.23,6.23,17.93,1
11,120.37000000000002,60.85,8.25,7.35,9.08,5.8,1.72,10.6,18.19,9.73,9.19,5.54,4.57,7.7,6.7,15.95,0
222,125.96,66.54,9.68,6.91,8.46,5.2,1.17,8.18,18.68,8.92,9.33,7.41,5.65,10.29,7.06,19.02,0
821,117.19,62.12,9.04,5.7,10.2,5.73,2.94,11.94,15.0,8.4,9.4,6.13,5.12,7.96,7.12,12.51,0
297,112.92999999999998,57.52,9.73,6.75,9.63,5.04,1.98,9.06,13.45,9.44,9.6,4.61,5.24,7.84,6.88,13.68,1
55,119.2,64.73,8.15,7.32,10.51,5.02,2.04,8.11,16.66,8.55,9.13,7.23,4.43,10.69,7.85,13.51,0
543,119.06999999999998,59.73,7.75,7.08,10.86,6.43,1.02,10.16,13.72,9.2,8.54,6.61,4.68,8.66,6.66,17.7,0
210,113.89999999999998,59.21,7.12,4.83,9.15,4.95,1.93,9.31,14.18,8.51,8.31,6.19,5.08,10.61,6.13,17.6,1
605,117.76,61.14,8.95,7.67,10.17,4.75,2.03,10.56,17.2,8.55,9.2,5.53,4.36,8.15,7.25,13.39,0
693,123.90999999999998,63.78,9.76,5.47,9.11,5.12,2.0,9.88,13.49,9.27,8.69,7.18,5.46,11.66,7.35,19.47,0
663,128.97,69.95,9.14,5.74,11.02,6.53,2.35,9.84,17.68,8.67,8.8,7.47,4.8,10.96,7.65,18.32,0
867,119.86,66.47,8.73,4.67,10.73,7.13,2.36,9.96,14.08,8.94,8.15,6.72,5.71,11.01,7.66,14.01,0
71,119.70000000000002,63.52,9.01,4.95,10.5,4.22,1.17,10.42,17.57,8.58,8.45,7.66,5.73,7.66,7.32,16.46,0
544,108.83,55.67,9.4,5.94,10.66,4.89,1.46,11.3,14.19,8.51,9.45,4.74,4.29,6.04,6.74,11.22,1
108,122.18,63.72,6.22,6.57,10.82,7.32,2.68,10.98,14.69,9.48,9.52,6.19,4.8,11.0,6.41,15.5,0
494,118.43,59.74,7.25,6.63,9.9,6.06,2.06,10.58,13.77,8.72,9.17,6.06,5.68,8.96,7.05,16.54,0
591,121.74,64.84,8.61,5.08,11.18,7.39,2.61,11.41,17.29,8.6,9.5,5.93,5.22,6.61,6.59,15.72,0
742,127.35,70.17,8.87,5.11,11.6,6.62,2.12,9.7,15.84,8.11,9.23,7.43,5.9,11.79,7.92,17.11,0
293,119.39,63.97,9.06,6.02,11.36,6.52,1.82,10.41,17.6,8.73,9.3,5.48,4.84,7.29,6.81,14.15,0
290,115.81,59.25,6.79,7.52,10.12,5.76,2.2,10.8,17.21,9.64,9.61,4.59,4.44,8.14,6.43,12.56,0
653,116.39,60.89,8.9,7.45,9.94,6.07,2.08,8.53,15.49,8.74,8.8,5.41,5.14,7.86,7.06,14.92,0
40,118.11,62.71,8.51,6.61,11.36,5.39,2.35,9.91,17.2,9.28,9.76,6.17,4.56,7.17,7.05,12.79,0
590,114.31000000000002,57.7,8.14,5.98,9.07,5.08,1.91,8.97,15.63,9.82,9.42,5.25,4.54,8.08,7.25,15.17,1
308,112.36,59.17,7.63,6.33,10.79,5.22,2.59,9.62,13.43,8.53,9.08,5.16,4.59,9.76,7.18,12.45,1
680,112.89999999999998,57.76,8.06,4.42,8.85,5.19,2.53,9.52,14.23,9.47,9.88,5.1,4.37,9.43,7.14,14.71,1
67,113.46,58.31,7.44,6.01,10.07,6.84,1.67,10.22,13.08,9.47,8.4,4.57,4.67,9.97,7.09,13.96,1
276,115.47,60.37,8.56,6.66,9.08,5.53,1.96,8.4,13.66,8.22,8.34,5.97,5.58,10.03,7.3,16.18,1
68,123.78,66.47,7.32,7.35,10.98,6.28,2.01,8.22,17.4,9.57,8.9,7.04,5.64,9.8,7.34,15.93,0
319,119.5,63.26,7.25,6.86,10.39,6.0,1.88,10.44,15.93,8.38,9.02,6.92,4.92,9.97,6.99,14.55,0
549,115.61,64.38,8.9,5.27,11.61,6.66,1.91,10.3,15.73,9.05,9.19,6.67,5.02,7.88,6.55,10.87,1
999,128.11,65.56,7.6,6.67,10.1,4.77,2.03,11.33,19.11,9.73,9.34,7.48,5.57,8.9,7.01,18.47,0
715,119.45000000000002,62.27,9.15,7.42,9.93,5.03,2.49,9.96,15.97,9.34,8.48,7.36,4.47,7.87,7.51,14.47,0
754,119.23,64.33,6.8,7.19,11.39,7.49,2.02,9.84,17.71,9.43,8.35,6.43,5.05,7.44,6.95,13.14,0
328,118.55,60.81,7.94,6.09,11.28,6.36,1.67,9.25,15.76,8.74,9.07,5.47,5.24,7.09,6.48,18.11,0
383,125.15000000000002,67.18,8.53,5.35,10.0,6.3,2.88,10.12,15.92,9.47,9.07,7.0,5.15,11.4,7.8,16.16,0
452,111.65,56.65,6.56,5.84,8.48,6.1,1.23,8.83,16.6,8.28,9.13,4.55,5.9,7.23,7.2,15.72,1
523,124.08,63.88,8.54,6.96,11.27,4.43,2.46,11.35,15.65,8.76,9.19,6.8,4.89,9.84,7.56,16.38,0
219,110.69,55.71,6.35,5.58,9.41,4.18,2.09,8.62,15.96,8.99,9.18,4.99,5.26,7.47,7.66,14.95,1
788,117.48000000000002,62.58,7.58,5.57,9.19,7.57,1.82,10.43,18.42,9.32,9.15,4.46,5.62,7.92,7.06,13.37,0
437,123.18,66.43,9.77,6.23,10.49,5.57,2.3,11.82,19.61,8.79,8.26,7.52,4.18,6.99,6.79,14.86,0
765,124.70999999999998,68.19,7.2,5.66,10.62,7.23,1.85,8.95,18.91,9.61,8.6,7.44,5.61,9.33,6.55,17.15,0
89,110.44,58.1,6.39,5.63,8.96,5.31,1.33,10.6,19.59,9.51,8.97,5.45,4.39,6.68,6.2,11.43,1
64,124.73,64.64,9.67,5.98,11.35,6.45,2.3,9.04,14.38,9.55,8.85,5.39,4.71,10.39,7.82,18.85,0
827,123.2,65.41,7.17,6.61,10.43,6.44,2.43,10.59,16.23,8.68,8.77,5.94,5.49,11.28,6.87,16.27,0
717,122.46000000000002,63.39,8.33,7.13,8.23,5.9,2.37,11.69,16.26,9.06,9.71,6.43,5.06,10.81,7.37,14.11,0
352,120.16,62.08,6.69,4.4,8.9,5.78,1.96,10.64,19.21,9.13,9.49,5.46,4.73,9.35,6.84,17.58,0
937,125.31,65.45,9.88,6.97,10.76,6.48,2.56,10.12,18.26,9.76,9.68,4.84,4.63,8.04,6.28,17.05,0
257,114.75,58.42,7.43,7.33,9.65,6.88,2.3,10.65,13.74,8.71,8.96,6.85,5.02,6.55,7.36,13.32,1
636,110.22,58.54,7.52,5.26,8.56,6.33,1.9,8.45,16.61,8.96,8.93,5.09,4.25,8.28,7.0,13.08,1
645,117.71999999999998,61.97,7.04,5.37,11.86,4.37,1.21,9.35,15.83,8.47,8.52,7.18,5.27,9.21,7.09,16.95,0
555,113.27,59.95,8.3,6.72,9.07,7.46,1.7,9.16,15.3,8.59,8.87,5.82,4.46,7.84,7.68,12.3,1
960,119.24,59.88,8.5,5.76,10.64,4.7,1.81,10.33,12.9,9.07,9.5,5.17,5.67,10.49,7.11,17.59,0
169,117.3,63.57,9.08,6.84,10.16,5.29,2.24,8.4,16.35,9.48,9.19,6.05,4.83,9.57,7.31,12.51,0
918,114.38,58.99,7.45,6.94,10.67,5.56,2.73,11.16,12.86,9.16,9.42,4.37,5.77,9.58,7.21,11.5,1
529,124.2,64.17,8.29,7.01,11.06,6.83,1.3,10.72,13.95,8.14,9.8,5.74,5.69,11.31,7.34,17.02,0
824,116.31999999999998,61.29,8.84,5.7,10.52,5.26,1.97,9.95,12.27,8.35,8.7,5.99,4.83,11.61,7.27,15.06,0
986,114.98,60.18,7.57,5.1,9.5,4.66,1.95,11.48,17.41,8.57,9.15,5.86,4.68,8.55,6.86,13.64,1
817,126.4,65.55,8.7,6.76,11.63,4.88,1.91,11.77,17.03,9.5,9.67,6.37,5.37,9.66,7.86,15.29,0
87,108.65,56.24,7.35,6.57,9.96,6.32,2.4,10.59,12.45,8.54,8.1,6.05,4.57,7.14,6.25,12.36,1
433,112.03,56.52,7.41,6.93,8.68,6.32,2.78,8.64,12.25,8.28,9.1,5.06,4.88,9.14,7.54,15.02,1
185,124.31,67.95,8.33,4.59,11.62,7.24,2.58,10.5,18.12,9.77,9.52,6.66,5.53,7.87,6.96,15.02,0
979,122.45,66.43,7.41,5.79,10.11,7.22,1.73,11.56,17.29,8.77,9.01,6.74,4.5,11.43,6.95,13.94,0
535,115.12,60.26,7.95,7.05,9.92,5.16,2.01,11.66,17.43,8.25,8.81,6.85,4.08,6.86,7.71,11.38,1
295,114.09,61.52,9.44,4.54,10.96,5.33,2.48,10.03,14.96,9.14,8.37,6.62,4.47,7.26,7.21,13.28,1
893,114.16,60.58,7.69,6.46,11.02,6.46,1.43,10.62,13.15,8.37,8.14,5.33,4.72,10.78,7.89,12.1,1
426,109.61,55.79,6.9,5.51,11.06,5.92,1.21,9.52,14.44,9.42,8.51,4.39,4.21,7.66,7.41,13.45,1
714,119.57,65.29,7.51,5.64,11.09,6.37,1.17,8.75,16.79,8.91,8.7,6.52,5.59,10.25,7.51,14.77,0
261,116.08,59.64,6.88,5.69,8.56,5.69,2.03,10.26,18.45,8.82,8.85,4.19,5.69,8.15,7.2,15.62,0
238,113.77,59.02,8.0,5.66,8.93,7.17,1.5,10.63,16.19,8.51,9.36,4.98,4.52,7.73,6.37,14.22,1
560,113.45,62.03,7.53,4.51,11.33,6.79,1.88,9.56,15.55,9.94,8.49,6.82,5.16,6.97,7.27,11.65,1
584,113.06000000000002,58.82,6.87,5.34,9.74,6.1,1.81,9.84,15.03,9.43,8.64,4.59,5.31,9.37,7.15,13.84,1
446,112.69000000000004,60.76,7.16,5.09,10.74,5.71,1.98,9.32,15.2,8.82,9.09,6.2,4.84,8.93,7.79,11.82,1
868,114.0,59.28,8.32,6.25,10.45,5.97,1.78,9.48,14.2,8.93,9.3,4.41,5.61,8.54,6.78,13.98,1
801,122.16,62.92,6.47,4.01,10.8,5.9,1.07,10.38,16.18,9.77,8.97,6.61,5.15,10.74,7.14,18.97,0
600,117.57000000000002,65.12,8.79,4.69,11.39,5.65,1.96,10.96,16.4,8.84,9.06,7.12,4.98,8.83,6.19,12.71,0
850,119.61,64.26,9.59,6.13,8.96,4.25,2.04,9.48,17.8,9.12,9.43,7.79,4.68,9.15,7.25,13.94,0
266,110.96999999999998,61.83,7.14,6.1,10.32,4.56,2.56,8.86,17.12,8.07,9.05,6.43,5.28,8.42,6.66,10.4,1
996,114.79,62.99,7.08,4.4,9.64,6.53,2.15,9.47,17.29,8.79,8.62,5.74,5.48,9.08,7.44,13.08,1
530,114.91,58.86,7.72,5.88,10.21,4.38,1.79,9.02,16.8,9.1,9.47,4.54,5.09,8.33,6.7,15.88,1
56,121.51,64.11,9.03,7.31,9.66,5.46,2.64,8.95,16.48,8.33,9.04,5.45,4.9,10.49,6.32,17.45,0
121,125.01,66.65,9.05,5.61,10.62,5.43,1.59,9.58,18.92,9.5,9.78,5.15,4.71,11.18,7.74,16.15,0
216,117.74,64.74,9.35,6.31,10.13,5.04,1.24,9.33,19.61,9.94,8.37,5.09,4.59,9.69,7.77,11.28,0
26,112.85,60.17,6.51,6.82,9.53,6.14,1.96,9.36,18.79,8.67,8.62,4.26,4.54,8.44,6.58,12.63,1
73,120.39,63.88,8.35,5.76,11.62,6.61,1.78,9.68,18.65,9.21,8.35,4.76,4.79,7.32,6.88,16.63,0
45,114.75,61.45,9.1,6.33,9.96,6.35,2.4,11.19,15.05,8.89,9.34,5.81,4.57,8.21,6.05,11.5,1
248,126.02,63.82,8.07,7.15,8.92,7.32,2.6,11.43,15.49,9.57,9.25,5.96,5.27,10.19,7.87,16.93,0
722,115.33,58.31,6.6,4.47,10.0,5.94,2.86,10.3,13.54,9.14,8.93,4.7,4.23,10.44,6.65,17.53,1
282,117.05,60.94,9.32,5.19,8.44,5.32,1.9,9.89,13.82,9.52,8.98,6.31,5.4,10.43,7.64,14.89,0
894,118.36,60.69,8.2,5.63,9.94,6.51,1.54,10.17,13.9,8.63,8.73,7.27,5.06,8.27,7.34,17.17,0
915,120.6,64.14,7.07,4.59,11.54,4.66,2.05,10.61,18.29,8.38,9.04,4.79,4.68,11.06,6.33,17.51,0
811,119.37,63.24,6.87,6.27,8.8,6.75,2.27,11.1,15.11,9.36,9.39,6.78,5.46,11.2,7.04,12.97,0
245,126.59,67.36,9.52,6.46,9.97,5.31,2.16,11.25,16.5,9.38,8.92,7.86,5.38,10.66,6.56,16.66,0
823,117.16,61.7,8.24,6.5,10.24,6.82,1.72,8.32,14.89,9.67,8.5,5.86,4.54,9.39,7.7,14.77,0
322,117.18,61.28,8.71,5.23,8.68,5.14,1.84,8.65,13.34,9.68,9.06,7.75,4.58,11.24,7.66,15.62,0
644,114.6,60.95,8.88,7.36,10.39,5.71,1.94,10.88,15.8,8.75,9.22,4.38,5.3,8.55,6.92,10.52,1
159,112.89,57.37,7.05,7.11,10.91,5.62,1.45,8.74,13.57,8.31,9.47,7.1,5.12,6.55,7.66,14.23,1
978,117.69,64.38,8.48,4.5,11.37,6.97,1.23,11.02,18.03,9.67,9.9,5.1,4.17,9.03,6.46,11.76,0
430,120.68,64.83,7.49,6.19,11.72,7.24,1.54,10.3,16.86,9.26,9.47,6.23,4.99,8.76,7.11,13.52,0
942,118.69,61.58,6.04,4.19,11.11,5.24,2.32,11.25,13.44,8.29,9.05,6.79,5.64,11.0,6.67,17.66,0
463,124.0,69.28,8.22,4.92,10.63,6.0,1.24,8.21,18.26,9.25,9.62,7.59,5.92,11.42,7.81,14.91,0
310,116.8,59.64,7.44,7.23,11.09,5.12,1.59,10.63,14.42,8.69,8.66,5.82,4.8,9.36,6.59,15.36,0
698,126.42000000000002,65.44,8.82,6.29,9.99,6.72,1.22,10.8,18.49,9.54,9.95,5.73,5.57,8.9,6.42,17.98,0
61,111.23000000000002,56.9,6.82,5.8,8.42,4.93,2.32,11.13,13.89,8.7,8.47,6.03,5.82,8.67,7.08,13.15,1
885,114.0,60.51,9.33,6.32,8.6,4.79,2.13,9.92,15.97,9.6,8.22,5.17,5.36,9.16,6.98,12.45,1
596,122.21,63.41,8.22,7.72,10.38,6.43,1.06,10.0,17.68,8.97,9.57,6.9,4.1,8.64,7.64,14.9,0
768,106.5,56.04,8.39,5.67,8.23,4.42,1.9,8.32,13.95,8.59,9.06,5.11,4.94,9.1,7.24,11.58,1
650,110.23,55.55,6.93,4.62,9.13,5.23,1.13,10.1,13.62,9.05,9.42,6.44,4.88,8.19,7.04,14.45,1
651,119.75,64.61,8.59,5.15,9.63,4.86,2.11,11.28,18.77,9.45,9.19,5.49,5.22,9.94,7.74,12.33,0
866,119.38999999999996,63.4,7.63,5.07,9.85,5.69,1.29,8.67,18.45,9.74,8.92,6.72,5.48,8.29,6.71,16.88,0
669,124.6,65.0,8.08,7.86,8.84,5.65,1.09,8.67,17.64,8.54,8.45,7.87,5.53,10.3,7.49,18.59,0
299,117.87,61.29,6.96,5.85,11.3,4.71,1.82,8.61,18.42,9.69,8.22,4.23,4.47,9.38,6.13,18.08,0
690,113.42,58.38,7.42,5.02,8.55,5.01,1.57,9.68,15.84,8.91,8.87,5.3,4.13,10.56,6.66,15.9,1
315,114.47,65.03,9.49,4.5,9.96,5.48,2.28,8.87,19.6,9.02,8.95,4.22,5.44,8.56,6.87,11.23,1
311,122.25,61.04,8.2,7.0,8.43,5.01,1.3,11.54,14.94,8.3,8.63,6.55,4.82,11.79,6.47,19.27,0
362,129.78,68.07,8.58,7.1,10.13,6.41,1.85,9.57,18.5,9.2,9.0,7.08,5.23,10.29,7.76,19.08,0
480,117.89,57.49,7.21,5.74,9.99,5.16,1.4,9.86,15.23,8.88,9.31,5.24,5.18,8.08,7.84,18.77,0
111,112.05000000000004,57.42,9.58,5.98,9.6,4.75,1.28,10.59,14.13,8.72,9.32,6.65,4.43,7.0,7.34,12.68,1
990,125.0,65.75,9.45,6.65,10.09,6.0,2.37,10.21,16.9,8.89,9.19,6.01,4.75,10.18,6.39,17.92,0
487,108.22,55.88,7.23,5.35,9.77,6.22,2.41,10.51,13.68,9.34,9.82,5.05,4.96,6.56,6.38,10.94,1
364,116.42,63.45,8.44,5.75,8.4,5.37,2.51,10.38,15.42,9.18,8.34,7.24,5.38,10.69,7.95,11.37,0
255,120.44,61.79,8.4,5.3,8.51,6.55,1.3,10.95,15.37,9.26,8.82,6.85,4.33,10.48,7.09,17.23,0
260,115.32,57.36,6.19,5.54,11.0,4.18,1.96,10.5,15.25,8.47,9.59,5.11,4.37,9.3,6.42,17.44,1
803,116.36,64.25,8.03,4.88,10.94,5.96,2.38,8.48,14.56,9.38,9.41,6.36,5.22,10.8,7.56,12.4,0
678,117.17,59.0,8.48,7.29,9.85,6.16,2.33,10.4,14.94,8.65,8.63,4.09,5.23,7.92,7.05,16.15,0
495,114.25,57.24,6.17,6.65,10.65,5.91,1.25,9.77,15.57,8.15,8.04,4.66,4.96,8.07,7.07,17.33,1
671,123.95,66.49,9.33,5.88,10.31,6.3,1.42,9.82,17.3,9.54,8.57,5.25,5.08,11.5,6.36,17.29,0
378,118.26000000000002,60.62,9.1,6.99,9.17,4.76,1.78,10.09,18.6,9.77,8.99,5.17,5.03,7.01,7.51,14.29,0
527,118.96999999999998,62.01,8.82,6.7,8.74,5.34,1.5,8.09,15.73,9.46,8.37,6.69,4.59,10.6,7.57,16.77,0
846,123.56,66.71,7.58,6.23,10.99,5.84,2.16,11.73,19.35,8.88,8.93,5.48,5.41,9.9,6.53,14.55,0
138,111.21,59.62,7.67,5.54,11.14,6.6,2.8,11.05,14.67,8.43,8.21,5.33,4.55,6.86,7.09,11.27,1
356,117.96,62.06,9.36,4.37,8.88,4.92,2.27,9.56,16.51,9.37,9.33,5.14,4.92,10.06,6.89,16.38,0
366,117.28,60.4,6.69,5.24,10.04,5.63,2.06,10.57,18.36,9.17,9.76,5.04,5.49,7.09,6.09,16.05,0
943,113.84,60.5,8.66,6.83,9.82,4.96,1.81,9.28,14.22,9.61,8.9,7.85,5.99,7.19,6.48,12.24,1
750,110.88,56.29,6.35,4.25,10.04,5.26,1.18,8.86,15.75,8.35,9.1,4.61,4.29,8.81,7.01,17.02,1
949,108.95000000000002,58.11,8.72,6.24,10.51,4.55,2.42,9.71,13.31,8.32,8.84,5.28,5.04,8.28,6.5,11.23,1
830,120.07,62.32,8.32,5.57,10.72,5.88,2.56,9.97,14.71,9.63,9.22,5.67,4.33,10.13,7.6,15.76,0
657,123.51999999999998,64.05,7.34,7.16,10.21,6.16,2.06,10.72,18.37,9.05,9.02,6.54,5.49,7.88,7.71,15.81,0
200,122.67000000000002,62.41,9.53,6.6,11.48,6.85,1.34,9.56,13.79,8.94,9.51,6.23,4.45,8.74,7.4,18.25,0
214,116.44,59.9,6.35,6.19,10.41,5.18,1.54,8.52,14.69,8.57,9.12,6.43,4.31,10.99,7.31,16.83,0
409,120.33,63.53,6.44,5.32,9.78,5.21,1.49,11.7,17.61,9.39,8.89,6.43,5.29,11.28,6.65,14.85,0
333,111.11,59.05,6.33,4.04,10.01,5.26,1.58,8.86,17.42,8.43,9.6,6.34,4.14,7.97,6.9,14.23,1
209,114.56000000000004,61.58,7.6,6.03,10.4,5.55,1.85,8.5,13.6,9.18,9.25,5.68,5.2,11.7,7.65,12.37,1
614,116.07,59.23,8.2,5.04,9.3,6.83,1.23,9.18,15.17,8.87,9.08,6.25,4.7,7.55,7.05,17.62,0
79,124.74999999999996,63.17,7.98,7.85,9.84,6.77,1.74,10.86,16.07,8.35,9.71,5.31,5.33,10.13,7.66,17.15,0
30,116.19,60.78,8.57,7.32,9.28,5.67,1.76,8.9,14.79,8.11,8.31,6.91,5.2,8.6,7.81,14.96,0
536,112.65,60.72,9.57,7.94,8.84,4.27,1.89,8.68,14.72,8.5,8.61,5.04,5.14,11.25,6.8,11.4,1
696,115.28000000000002,61.61,7.92,5.22,8.73,4.59,2.92,8.78,18.74,9.86,9.02,6.25,4.43,8.03,6.2,14.59,1
558,120.56,60.24,6.25,6.46,10.23,5.53,2.27,9.94,13.82,8.84,9.66,7.42,5.73,8.99,6.66,18.76,0
837,111.43,62.07,7.83,4.64,10.43,7.07,1.28,9.25,19.73,9.08,9.27,4.26,4.79,6.68,6.11,11.01,1
597,115.92,60.52,6.77,5.95,11.17,5.84,1.26,8.85,19.4,9.64,8.32,4.28,4.71,7.09,6.9,15.74,0
166,118.09,62.91,7.31,4.1,10.72,5.6,1.52,9.23,15.14,8.34,8.13,7.3,4.54,10.78,7.16,18.22,0
919,112.49,62.38,9.87,5.21,9.34,5.8,2.46,9.07,15.81,8.52,8.7,4.38,5.12,9.6,6.65,11.96,1
496,121.25,68.09,8.58,6.15,10.12,7.05,2.62,11.55,18.37,8.89,9.0,5.55,5.46,10.34,6.34,11.23,0
825,122.25,64.12,7.2,6.36,10.75,5.85,2.63,9.75,14.25,8.43,8.61,6.83,5.51,11.1,6.86,18.12,0
66,110.23,60.42,8.28,5.91,9.77,4.64,2.37,8.59,18.35,8.94,8.48,5.91,4.46,6.64,6.63,11.26,1
142,117.03,63.13,8.49,6.91,11.86,5.17,2.12,11.27,13.98,8.29,8.57,5.39,5.51,10.61,6.74,12.12,0
926,122.67,65.77,8.09,6.93,10.44,6.62,2.06,10.43,18.74,8.63,8.49,7.03,4.16,8.63,6.75,15.67,0
828,117.14,59.35,8.87,7.56,9.67,5.93,1.5,10.48,15.13,8.27,8.2,4.95,4.61,8.69,6.96,16.32,0
656,122.73999999999998,67.7,9.6,6.51,9.75,5.5,2.7,11.16,19.65,9.74,8.38,7.74,5.83,6.93,7.21,12.04,0
332,119.66,62.27,8.49,5.85,10.42,5.2,1.61,8.37,16.4,9.61,8.25,4.76,4.93,10.46,6.79,18.52,0
665,117.45000000000002,62.22,8.8,5.96,8.82,6.78,2.47,9.58,17.32,9.05,8.95,6.81,4.2,7.02,6.29,15.4,0
250,116.39,63.12,8.54,5.27,9.93,5.27,2.46,10.1,18.85,8.28,8.62,5.91,5.28,6.88,7.02,13.98,0
908,118.17,60.76,8.46,7.25,9.37,5.28,1.19,9.58,16.15,8.96,9.32,7.27,5.46,7.58,6.98,15.32,0
709,117.18999999999998,58.14,7.85,7.24,9.07,5.33,1.52,9.93,12.86,8.57,8.32,5.46,5.13,10.92,7.24,17.75,0
306,123.87000000000002,71.57,9.13,6.14,9.65,7.08,2.09,8.42,18.59,9.26,9.12,7.73,5.56,11.74,6.45,12.91,0
735,120.88,63.29,6.77,4.87,8.92,4.86,2.02,9.36,18.2,9.15,9.72,7.03,4.97,10.52,6.99,17.5,0
976,128.26999999999998,66.67,7.78,5.54,10.39,7.43,2.13,11.63,17.6,9.75,9.33,5.74,5.75,9.85,7.6,17.75,0
50,123.76,68.03,7.72,4.7,11.33,6.49,2.48,10.22,18.48,9.75,8.63,5.94,5.73,9.86,6.95,15.48,0
897,120.04000000000002,61.99,6.13,7.5,9.84,7.49,2.57,9.73,14.1,8.97,9.04,7.45,5.57,8.84,7.61,15.2,0
3,121.89,64.79,8.99,6.61,9.75,6.04,1.8,9.8,19.13,9.37,9.53,4.98,5.54,8.56,7.29,14.5,0
545,125.98,69.01,9.88,5.3,9.57,6.84,2.41,9.43,16.05,9.58,9.24,7.52,5.37,11.37,7.3,16.12,0
351,113.99,62.09,6.15,5.59,10.37,7.49,1.68,10.45,17.34,9.39,8.97,6.4,5.0,7.66,6.61,10.89,1
905,119.67999999999998,63.66,8.06,4.75,8.26,5.5,1.23,10.13,18.11,9.91,9.93,7.57,5.32,9.61,6.45,14.85,0
537,122.62,65.26,6.95,5.14,10.11,6.99,2.61,10.01,17.8,9.51,9.21,6.32,5.21,9.27,7.28,16.21,0
345,114.82,61.54,7.26,5.13,9.84,6.03,1.76,8.33,17.63,9.42,8.85,5.78,4.6,8.64,6.96,14.59,1
995,121.21,62.4,9.5,4.41,8.83,6.86,2.15,11.37,16.87,8.87,8.75,6.08,5.41,6.7,6.64,18.77,0
482,113.29000000000002,59.71,9.56,6.26,8.42,4.56,2.47,10.22,16.85,8.63,9.03,4.56,5.15,8.14,6.26,13.18,1
576,116.27,59.53,9.92,4.82,10.15,5.49,1.87,9.83,12.67,9.08,8.7,5.77,5.08,8.58,7.25,17.06,0
34,116.54999999999998,59.72,9.2,6.39,9.36,5.36,1.11,10.35,15.62,8.67,8.56,6.05,5.3,7.72,6.04,16.82,0
32,122.81,66.38,8.47,7.41,10.79,7.27,2.03,9.24,14.83,9.2,8.58,7.61,4.76,10.62,7.63,14.37,0
232,117.21,60.25,6.94,6.25,8.55,5.76,2.41,11.16,16.87,9.13,8.73,5.51,5.07,9.14,7.45,14.24,0
964,120.36,64.78,8.03,6.77,10.71,7.72,2.48,10.04,15.79,8.1,8.54,6.26,5.41,8.38,7.07,15.06,0
193,125.91,64.65,9.03,6.38,9.36,6.8,2.46,10.85,18.54,8.82,8.68,5.85,4.1,8.51,7.46,19.07,0
334,125.18,66.17,8.01,5.98,11.39,7.5,2.41,8.86,15.09,9.2,9.98,5.93,5.21,10.63,7.83,17.16,0
4,127.25,68.17,9.26,5.07,10.49,6.77,2.38,9.9,18.22,9.22,9.57,6.84,5.36,8.85,7.55,17.77,0
205,126.42999999999998,72.01,9.93,4.94,11.29,7.45,1.95,8.5,19.22,8.29,9.02,6.28,5.29,10.6,6.57,17.1,0
515,121.26,66.98,8.14,5.38,9.76,6.63,1.43,10.6,19.03,9.27,9.28,5.85,5.82,10.32,7.89,11.86,0
800,126.77,65.16,9.37,7.2,9.25,6.22,1.31,10.65,18.83,9.23,9.71,6.64,4.76,8.78,7.27,17.55,0
307,109.24000000000002,56.69,7.26,5.41,9.25,6.67,2.05,9.79,14.91,9.12,9.0,5.65,4.72,6.18,6.36,12.87,1
110,117.5,61.91,8.72,5.92,8.91,4.95,2.15,9.59,17.08,9.54,9.35,6.18,4.08,9.84,6.26,14.93,0
431,115.85,60.82,8.19,7.09,9.69,5.67,1.33,11.3,17.52,9.42,8.2,5.47,4.81,8.14,6.63,12.39,0
78,111.5,56.22,7.01,5.78,9.28,4.64,1.62,9.97,13.8,8.44,8.56,6.52,5.74,7.61,7.17,15.36,1
85,119.75,64.97,9.53,5.58,10.2,7.3,2.09,11.23,16.3,9.57,9.8,4.61,5.81,9.13,6.57,12.03,0
287,118.93,60.76,8.39,7.21,10.65,5.0,2.29,9.24,15.66,8.11,8.9,6.79,5.54,6.44,6.31,18.4,0
83,121.06000000000002,64.7,9.47,6.58,9.02,7.08,1.92,8.74,14.18,9.97,8.95,5.94,5.81,11.28,6.76,15.36,0
992,117.1,58.21,7.3,6.39,11.91,7.13,1.47,11.51,12.55,9.49,9.77,5.8,4.34,7.71,6.9,14.83,0
790,110.36,57.42,8.69,4.6,9.73,5.45,1.41,8.81,12.59,9.08,8.81,5.42,5.51,8.62,6.57,15.07,1
895,118.93999999999998,63.83,6.77,6.74,11.1,6.97,1.29,8.42,16.5,9.87,8.32,6.36,5.75,9.09,6.91,14.85,0
399,120.03,61.17,9.41,5.4,8.53,5.35,1.81,10.52,17.38,8.87,8.88,5.59,4.46,8.64,6.9,18.29,0
324,111.09999999999998,60.18,7.72,4.35,9.58,4.9,1.14,8.37,18.68,8.9,8.09,5.63,4.61,7.92,6.66,14.55,1
520,112.12,60.25,8.81,7.39,11.27,6.65,1.42,8.91,14.66,9.18,8.46,4.62,4.58,8.24,6.52,11.41,1
917,116.01,61.43,7.79,5.32,11.14,7.58,1.86,9.83,15.38,8.66,9.4,4.16,5.55,7.97,7.17,14.2,0
923,120.94,60.99,7.11,7.69,9.81,5.83,2.12,8.7,14.68,9.52,9.69,6.46,5.29,9.69,7.28,17.07,0
6,115.86,59.53,7.47,6.85,8.75,6.19,1.98,10.89,14.81,9.49,9.01,5.7,4.99,9.64,6.64,13.45,0
732,123.78,66.35,8.42,5.76,11.49,7.53,3.0,11.75,16.12,9.33,9.88,6.71,5.06,8.02,7.1,13.61,0
466,118.17000000000002,63.83,8.14,5.07,9.12,7.36,2.39,11.24,14.39,9.19,8.95,6.84,5.14,10.45,7.72,12.17,0
98,124.75,67.71,8.45,6.17,10.33,6.75,2.38,9.7,19.41,9.75,9.04,6.62,4.64,9.13,6.76,15.62,0
267,117.37999999999998,59.4,7.55,4.76,8.76,5.25,1.43,10.58,17.04,8.22,9.38,5.78,4.82,8.77,6.52,18.52,0
358,114.12000000000002,60.54,9.27,7.02,10.64,4.89,1.63,9.22,14.32,8.88,9.3,6.24,4.15,9.4,6.29,12.87,1
869,112.81999999999998,58.71,6.82,5.06,8.8,6.04,2.38,9.43,17.22,9.79,9.4,5.5,4.71,7.24,6.96,13.47,1
799,107.26,53.75,7.12,6.53,8.27,5.13,1.28,9.78,15.86,9.46,9.14,4.98,4.24,6.87,6.76,11.84,1
381,119.03,61.58,8.55,4.58,9.33,6.71,1.8,9.15,15.93,9.14,8.78,5.94,5.7,7.62,7.81,17.99,0
632,117.21,61.08,8.77,5.97,11.36,4.36,2.4,9.85,13.75,9.12,8.52,6.69,5.2,8.55,7.09,15.58,0
382,117.48000000000002,64.65,8.05,5.45,8.67,5.41,1.44,11.25,18.99,8.09,9.57,6.83,5.76,9.5,7.27,11.2,0
491,113.19,59.13,8.04,6.82,9.36,5.74,1.89,8.64,16.3,8.61,9.12,6.06,4.68,7.06,6.71,14.16,1
119,111.95,60.74,7.48,4.48,10.63,5.39,2.94,11.4,16.22,8.65,9.25,4.71,4.63,8.74,6.29,11.14,1
901,114.53,61.25,9.03,5.35,10.17,4.61,2.25,10.26,14.57,9.2,8.87,6.44,4.6,9.58,6.92,12.68,1
251,122.35,63.02,9.43,5.26,10.53,6.69,1.7,11.22,13.24,9.72,9.62,6.99,5.16,9.28,7.07,16.44,0
524,112.33,58.1,7.75,4.56,10.32,7.03,1.99,9.67,13.25,9.32,8.54,4.95,5.04,7.77,7.18,14.96,1
10,122.81,63.64,9.64,6.35,8.97,6.13,2.27,8.96,14.74,9.56,9.05,6.33,4.98,10.58,7.23,18.02,0
197,116.41,57.16,8.12,6.34,9.44,4.84,2.58,11.25,13.54,8.24,9.44,4.92,4.7,9.02,6.91,17.07,0
604,128.13,71.49,8.98,5.87,9.88,7.81,2.19,10.12,19.91,8.91,9.9,7.08,5.23,10.41,6.49,15.35,0
82,111.24000000000002,58.36,6.53,4.92,11.59,5.12,1.75,9.13,16.19,9.06,8.48,4.51,4.4,8.27,6.56,14.73,1
784,126.5,66.48,6.78,5.08,10.78,7.76,1.7,11.28,16.21,8.43,9.39,7.75,5.06,10.44,7.29,18.55,0
588,117.65,59.35,9.82,5.67,8.89,5.05,1.58,9.24,13.08,8.96,8.83,6.11,4.78,10.04,7.46,18.14,0
798,118.97,64.4,8.82,4.33,9.74,6.78,2.85,11.58,18.32,9.78,9.17,5.93,4.78,7.18,6.07,13.64,0
240,113.51999999999998,61.36,8.2,6.22,11.16,5.57,1.72,10.31,12.75,8.89,8.62,6.09,4.96,10.91,7.05,11.07,1
291,123.34,63.89,7.27,5.32,9.58,7.84,2.67,10.91,15.98,8.67,9.17,5.53,4.92,10.1,7.32,18.06,0
212,112.04000000000002,58.41,6.71,5.88,11.01,7.4,2.61,10.56,13.68,8.87,9.27,4.4,5.15,7.45,7.51,11.54,1
718,109.0,57.37,7.01,4.3,8.29,6.46,2.53,8.46,12.78,9.52,9.17,5.04,5.73,9.53,7.13,13.05,1
360,119.14,62.01,8.85,4.8,11.6,5.97,1.38,10.62,12.78,8.86,8.57,6.66,5.08,9.69,7.76,16.52,0
450,115.01,58.51,9.09,7.44,8.82,5.78,2.48,10.01,14.16,8.64,9.62,5.19,5.16,7.83,6.44,14.35,1
228,109.06,55.29,6.72,6.07,10.37,4.63,1.29,9.59,15.31,9.44,9.02,5.5,4.06,7.41,6.91,12.74,1
951,118.45,61.61,9.66,7.12,9.8,4.14,1.93,9.29,13.86,9.26,8.48,7.9,4.71,9.61,7.11,15.58,0
947,118.29999999999998,62.78,7.7,5.37,8.83,5.82,1.35,10.29,15.39,8.52,8.83,7.13,5.42,11.14,7.46,15.05,0
797,116.78000000000002,59.0,7.34,5.92,10.12,5.51,1.19,8.07,13.69,9.31,9.17,6.75,4.65,9.75,7.7,17.61,0
502,120.07999999999998,64.43,9.41,5.31,9.78,5.2,2.07,9.15,16.74,9.28,9.07,6.3,4.33,10.6,7.48,15.36,0
465,112.81,55.22,6.53,4.74,8.84,4.58,2.23,9.67,13.66,8.76,8.53,7.15,4.78,7.45,6.43,19.46,1
363,113.34000000000002,56.78,7.33,7.01,10.01,6.43,1.34,9.3,15.39,8.21,9.53,4.54,4.29,7.45,6.85,15.66,1
469,117.88,61.67,7.8,6.02,10.78,5.7,1.8,10.3,15.02,8.85,9.11,6.66,4.61,9.3,7.81,14.12,0
936,119.83,63.41,7.66,6.67,11.37,5.68,1.72,10.17,17.69,9.02,8.86,6.54,4.98,7.77,6.54,15.16,0
429,120.85,64.16,7.26,7.39,10.6,6.06,1.88,8.77,14.6,8.4,9.02,7.36,5.9,10.5,6.92,16.19,0
8,122.54999999999998,65.83,6.74,4.13,9.76,6.05,2.88,9.89,18.78,9.94,9.41,6.88,5.11,9.63,7.67,15.68,0
156,122.86,60.59,8.43,7.43,9.56,6.63,2.89,11.6,14.37,8.49,9.48,6.91,4.47,7.33,6.19,19.08,0
542,122.84000000000005,62.42,7.79,6.7,10.07,5.88,2.3,10.56,15.11,9.49,9.45,6.04,4.97,10.26,7.37,16.85,0
441,119.02,62.96,8.05,7.32,9.79,6.12,2.33,10.68,18.1,9.78,9.37,6.1,5.0,7.47,7.25,11.66,0
483,116.19,63.27,9.03,7.16,10.27,4.18,1.47,9.53,16.27,8.57,9.31,7.89,5.82,8.34,7.03,11.32,0
423,120.56,63.01,6.46,6.15,9.43,6.14,1.93,9.4,15.36,8.36,8.48,7.0,5.59,11.1,6.62,18.54,0
779,117.48,64.68,7.58,6.36,11.79,7.48,2.04,9.34,19.68,9.04,8.44,4.51,4.6,7.0,6.76,12.86,0
950,126.85,66.18,8.28,6.94,10.39,5.29,1.66,10.2,18.04,8.39,9.35,7.0,4.4,11.12,7.17,18.62,0
335,123.23000000000002,63.94,8.16,4.84,10.66,4.91,1.49,10.86,16.29,9.21,9.2,7.01,5.46,9.96,7.45,17.73,0
577,117.45,60.87,7.28,5.46,8.68,4.69,1.63,9.15,18.62,8.27,9.52,6.8,5.66,7.51,7.5,16.68,0
935,117.97,62.86,9.39,4.53,10.24,6.02,2.88,10.88,13.19,9.22,9.51,6.9,4.35,9.89,7.55,13.42,0
568,115.58,60.88,7.94,6.35,10.59,5.13,1.99,8.99,16.5,9.7,9.77,5.09,4.97,8.67,6.64,13.25,1
595,118.91,60.58,7.09,6.22,11.5,6.1,1.32,9.55,14.72,8.87,9.35,4.72,5.21,9.92,6.17,18.17,0
531,112.56,57.53,8.27,6.22,8.89,5.57,1.32,9.92,15.86,8.45,8.2,4.56,4.81,8.25,7.02,15.22,1
582,120.23,63.12,7.72,6.69,9.3,6.39,1.46,8.93,15.28,9.65,9.45,7.33,5.55,10.09,7.58,14.81,0
708,114.37000000000002,60.56,9.16,5.77,9.09,5.54,2.12,10.27,12.8,9.2,8.29,6.34,5.26,10.25,7.0,13.28,1
449,118.56,63.86,8.58,5.76,11.1,6.78,1.79,9.61,13.18,9.33,8.16,7.4,5.29,9.74,6.45,15.39,0
454,121.2,65.5,6.63,4.84,10.79,6.05,2.85,10.62,18.54,9.24,9.54,5.36,5.6,9.68,7.29,14.17,0
229,125.5,63.17,7.8,6.59,10.6,6.51,1.85,10.21,13.26,9.2,9.32,5.73,5.51,11.91,7.12,19.89,0
353,117.73,59.57,8.34,4.82,9.43,4.93,1.82,10.98,12.69,9.06,8.37,5.51,5.16,11.69,7.44,17.49,0
729,122.20000000000002,66.44,8.83,5.46,10.92,5.77,1.63,10.85,16.19,8.21,8.71,6.71,5.47,10.92,7.27,15.26,0
213,111.93999999999998,58.2,8.6,6.23,9.79,4.35,1.59,10.06,16.08,9.04,9.02,4.21,4.54,9.04,6.39,13.0,1
80,119.53,64.26,7.25,5.16,11.87,7.59,2.21,9.61,18.06,9.66,9.29,4.98,4.71,7.59,7.12,14.43,0
149,118.1,64.89,7.77,6.5,11.02,7.5,2.47,9.89,16.41,9.49,8.85,5.42,5.78,8.52,7.31,11.17,0
303,116.88,62.32,6.61,4.91,11.12,5.67,1.35,11.34,14.74,9.04,9.07,7.76,5.36,9.71,7.04,13.16,0
629,118.69000000000004,58.77,7.01,6.32,8.87,5.14,1.8,8.79,17.41,9.53,8.71,5.65,4.54,8.35,7.81,18.76,0
778,111.47,58.8,7.18,4.98,10.08,4.8,1.57,11.19,16.5,8.85,9.97,4.65,4.59,9.43,6.27,11.41,1
507,124.33,64.74,8.4,5.92,8.88,6.91,1.9,10.48,15.32,8.48,9.79,7.7,5.0,10.63,7.85,17.07,0
343,127.21,67.09,9.6,7.58,9.9,5.65,1.78,9.12,17.72,9.42,9.24,7.41,5.74,9.29,7.51,17.25,0
486,111.61,58.77,6.73,4.49,9.6,6.0,2.48,10.44,17.39,9.46,9.51,4.54,4.55,7.48,6.31,12.63,1
712,125.65,64.42,7.58,7.25,10.37,4.84,1.47,9.49,19.57,9.3,9.25,6.35,5.49,8.75,7.28,18.66,0
134,121.21,62.75,8.04,5.64,10.03,6.39,1.54,9.25,16.32,9.03,9.24,7.33,5.92,7.18,7.07,18.23,0
704,126.53,63.97,8.56,6.71,11.1,7.12,2.35,11.18,15.93,9.46,9.09,7.11,4.36,7.44,7.57,18.55,0
312,115.68,60.66,7.57,5.28,8.99,5.78,2.03,8.37,14.65,8.8,9.05,6.97,4.05,10.62,7.8,15.72,1
723,108.01,55.72,7.25,5.64,9.15,5.23,1.68,9.43,12.78,8.26,8.28,5.01,5.39,9.23,6.98,13.7,1
630,128.72,68.85,8.31,6.58,11.03,7.09,2.64,9.33,19.8,9.09,9.6,4.87,5.08,10.03,6.31,18.96,0
1,117.71,60.47,7.23,6.34,9.3,6.32,1.92,11.67,14.38,8.59,8.9,7.41,4.87,9.04,6.76,14.98,0
317,117.56,62.7,7.11,6.06,8.91,5.83,2.16,10.86,19.53,9.24,8.91,6.9,4.56,7.7,6.52,13.27,0
707,106.84,55.29,7.2,6.17,9.15,5.27,1.8,8.44,14.35,9.07,8.36,5.3,4.15,8.07,6.71,12.8,1
548,113.48,62.13,7.31,5.18,9.28,7.7,1.57,8.94,14.79,9.08,8.12,5.56,5.87,10.05,6.23,13.8,1
873,116.39,57.06,6.89,6.39,10.38,5.36,1.51,8.85,13.91,8.46,9.05,4.91,5.32,8.78,7.1,19.48,0
533,129.51999999999998,66.51,8.59,7.2,10.4,6.88,2.66,11.46,15.33,9.78,8.35,6.8,5.13,10.72,7.61,18.61,0
478,110.61,57.5,6.67,5.38,10.63,4.81,2.16,9.85,12.64,8.64,9.78,6.87,4.48,9.24,7.14,12.32,1
405,116.32999999999998,61.32,8.58,6.7,8.91,7.54,1.66,9.8,16.41,9.77,9.28,5.05,4.95,8.22,7.18,12.28,0
173,123.54,64.86,8.49,6.98,8.5,4.14,2.57,9.73,19.29,8.74,8.46,6.81,5.05,10.01,7.32,17.45,0
126,108.0,53.63,8.35,4.92,8.97,4.93,1.6,9.11,13.96,8.94,8.36,4.54,4.8,6.48,7.31,15.73,1
395,120.30999999999996,61.6,7.6,6.88,11.76,6.59,2.68,11.35,16.89,9.74,9.22,4.24,4.38,7.46,6.59,14.93,0
421,109.6,56.35,6.48,5.09,9.43,4.81,1.35,8.93,15.5,8.29,9.3,5.65,5.42,7.71,6.69,14.95,1
553,113.44,56.89,9.48,5.66,9.2,4.6,1.7,10.59,14.36,9.35,9.4,5.72,4.49,7.34,7.36,14.19,1
904,111.16,59.22,6.99,7.16,9.56,4.86,1.74,8.37,16.95,9.07,8.64,6.0,5.17,7.95,6.98,11.72,1
91,115.32,60.92,7.72,4.36,8.17,5.62,1.15,10.56,16.83,8.59,9.34,6.35,5.52,9.56,7.61,13.94,1
940,113.26,59.75,8.4,5.02,9.96,7.23,2.47,9.71,15.41,8.96,9.73,4.36,4.67,7.25,7.79,12.3,1
182,119.17,62.4,8.42,5.14,10.3,4.28,1.97,10.02,14.46,8.47,9.21,6.64,5.46,10.87,6.9,17.03,0
275,116.39,61.97,8.94,4.82,9.89,5.38,1.63,8.26,16.36,8.99,9.76,7.78,4.48,7.51,6.51,16.08,0
896,120.5,63.73,7.69,6.6,9.73,6.19,1.81,8.56,16.04,8.07,9.0,6.54,5.23,10.5,7.02,17.52,0
70,115.59,61.7,8.85,6.85,8.33,6.55,1.21,10.78,15.77,9.09,9.41,7.14,5.15,8.7,7.46,10.3,1
292,109.2,56.61,7.28,4.33,8.66,5.47,1.49,9.22,12.97,9.29,9.36,6.44,4.73,9.57,6.65,13.74,1
132,122.97,64.96,8.18,5.09,10.62,7.06,2.33,9.0,16.01,9.12,8.34,5.44,5.47,9.85,7.52,18.94,0
301,119.45,63.02,8.93,4.69,10.62,6.69,1.85,10.94,15.09,8.91,9.73,6.34,4.98,8.52,7.17,14.99,0
425,119.86,62.68,9.58,4.95,11.41,4.25,1.71,10.06,16.97,9.25,8.56,6.07,4.23,8.46,6.4,17.96,0
327,115.36,63.13,9.29,6.31,10.28,5.88,2.1,8.39,15.21,9.31,8.42,6.41,4.89,9.07,7.34,12.46,1
145,115.33999999999996,61.48,9.69,6.97,8.38,4.48,2.36,9.16,16.01,9.7,8.81,7.1,4.83,8.63,7.18,12.04,1
424,117.91,57.65,9.45,7.67,10.28,6.17,1.92,11.02,12.29,8.39,9.09,4.32,4.69,8.53,6.87,17.22,0
581,109.86999999999998,53.35,6.26,5.43,8.29,5.33,2.91,9.24,15.2,9.6,9.75,4.52,4.21,6.63,6.76,15.74,1
136,118.72,62.28,7.77,6.81,10.12,5.54,2.46,8.96,13.11,9.67,9.71,6.61,5.38,11.29,7.71,13.58,0
451,113.23000000000002,60.06,8.65,4.97,8.29,6.09,1.86,11.2,12.59,8.95,8.42,7.57,5.25,9.76,6.62,13.01,1
165,118.98,61.55,7.74,6.13,9.41,5.24,1.43,8.47,18.19,9.36,9.93,6.32,4.58,8.64,7.59,15.95,0
29,109.63,55.37,8.72,5.32,8.86,6.65,1.94,9.25,12.92,8.53,9.74,4.95,4.54,6.79,7.39,14.03,1
774,122.6,66.88,8.0,6.36,9.3,7.57,2.8,11.14,17.24,8.69,9.24,6.09,4.35,11.53,6.34,13.95,0
194,115.52,62.82,9.71,7.06,9.13,5.84,1.77,9.07,18.72,8.72,8.32,5.85,4.78,7.02,7.7,11.83,1
389,118.58,62.57,9.03,5.76,11.58,5.08,2.33,10.13,17.87,8.56,9.08,5.24,4.55,6.89,7.14,15.34,0
853,124.82,64.03,8.69,6.77,9.97,5.11,1.35,8.58,18.24,9.58,9.96,7.13,5.19,8.35,6.79,19.11,0
170,118.53,63.98,9.6,5.63,9.88,7.4,1.9,8.42,13.32,8.28,9.7,7.38,5.82,8.68,6.49,16.03,0
706,128.76,69.2,8.05,7.29,11.17,7.18,2.17,10.21,19.06,9.08,9.31,6.74,4.98,9.85,7.13,16.54,0
141,121.41,67.04,8.18,5.5,9.77,7.33,2.79,9.63,16.98,9.14,9.27,5.89,5.53,10.57,7.73,13.1,0
174,124.89,66.87,7.8,4.37,10.9,7.96,1.9,11.45,18.39,9.9,8.49,5.18,5.11,9.63,7.29,16.52,0
7,119.18,63.84,7.9,6.63,10.22,5.8,2.05,9.65,15.38,8.07,8.87,6.8,4.73,10.96,6.65,15.47,0
746,114.15000000000002,61.64,8.43,5.73,11.05,5.25,1.56,9.0,14.31,8.88,9.25,5.01,4.41,11.62,6.54,13.11,1
479,119.93,63.81,7.19,7.19,9.08,6.17,2.23,9.69,15.89,8.87,8.14,7.19,5.3,10.76,7.26,14.97,0
74,124.18,64.48,9.06,6.74,9.34,6.75,1.59,10.39,17.72,8.75,9.91,7.26,5.7,7.06,7.77,16.14,0
911,113.86,60.32,7.35,7.65,8.56,6.39,1.79,8.21,14.36,8.37,8.61,5.67,5.47,10.73,6.37,14.33,1
814,112.09,58.65,7.87,6.06,9.01,7.13,1.84,10.83,13.49,8.28,8.08,6.31,4.95,8.05,6.93,13.26,1
239,120.72,65.73,9.93,6.02,10.17,6.48,2.94,10.32,14.52,9.54,8.21,6.97,5.57,9.15,6.43,14.47,0
146,119.26999999999998,60.0,8.3,6.23,9.9,5.11,2.09,10.23,15.9,8.71,9.19,4.41,4.61,9.68,6.32,18.59,0
793,122.85,65.07,8.06,5.12,8.62,7.07,2.08,10.63,16.76,8.61,9.2,7.66,5.28,9.54,7.27,16.95,0
235,118.14,60.81,9.13,6.1,8.72,5.09,1.63,8.77,15.6,8.37,9.46,5.34,5.11,10.19,6.43,18.2,0
221,105.53,53.12,6.27,6.17,8.09,5.74,1.89,10.18,14.15,9.34,8.24,4.95,5.32,6.71,6.61,11.87,1
924,112.26,61.12,8.14,5.02,11.19,7.46,2.07,10.42,15.42,8.71,8.58,4.79,4.57,7.48,6.47,11.94,1
501,109.66000000000004,55.32,6.54,5.03,9.57,5.84,1.75,10.4,13.1,8.3,8.68,6.09,4.9,7.53,7.37,14.56,1
133,114.19,61.33,7.57,4.82,9.46,5.47,1.28,8.97,17.92,9.25,9.73,5.99,4.54,9.1,6.34,13.75,1
991,112.05,59.84,8.69,4.95,11.33,5.35,2.53,11.58,13.69,8.61,8.21,6.93,4.1,7.22,7.18,11.68,1
775,119.95,63.35,7.65,7.35,10.74,5.71,1.62,9.78,18.0,8.8,9.0,6.63,4.4,8.6,6.69,14.98,0
186,121.80999999999996,61.52,7.4,7.11,11.16,7.44,2.07,10.92,15.14,8.36,9.55,5.52,4.13,8.66,6.86,17.49,0
42,116.98,57.2,7.39,7.1,8.95,4.86,1.39,9.96,16.27,9.28,8.66,6.27,5.6,6.47,7.44,17.34,0
697,117.94,61.77,7.27,5.79,9.3,5.38,2.34,11.17,16.39,8.77,9.32,6.18,4.35,10.56,6.17,14.95,0
109,120.78,67.73,9.03,5.35,11.17,6.8,2.92,9.97,17.89,9.79,9.66,5.17,4.72,10.03,7.13,11.15,0
589,109.18,57.45,6.7,4.69,11.51,5.88,1.43,10.65,15.35,8.9,8.93,5.48,4.28,6.82,6.57,11.99,1
57,122.49,68.75,9.39,6.3,9.75,5.59,2.15,8.8,19.01,9.54,8.77,7.1,5.78,9.98,6.77,13.56,0
406,124.88000000000002,68.49,9.81,6.13,10.7,6.55,2.38,10.6,16.67,8.67,9.06,6.23,4.87,11.28,7.29,14.64,0
443,123.47000000000004,65.64,6.67,4.95,11.14,6.43,1.88,10.05,18.59,9.5,9.71,6.04,4.86,10.03,6.87,16.75,0
758,114.12,61.51,8.03,4.99,9.86,5.62,2.56,9.57,13.31,9.88,9.02,7.28,5.13,9.72,7.34,11.81,1
998,122.31,66.44,7.22,5.7,9.58,6.87,2.17,11.68,18.17,9.2,9.36,6.38,5.14,10.91,7.19,12.74,0
25,118.18,59.55,6.04,5.82,8.19,6.58,1.62,9.64,19.3,8.53,9.94,5.71,4.84,7.27,7.26,17.44,0
468,112.89,60.2,6.3,5.09,8.71,5.68,1.97,11.35,15.25,8.38,8.18,5.61,5.39,11.29,6.5,13.19,1
540,123.17000000000002,65.08,9.46,5.36,11.39,7.2,2.66,11.18,14.33,8.75,9.95,6.23,5.0,8.81,6.21,16.64,0
532,118.48,65.86,6.96,5.54,10.51,7.12,1.81,9.82,17.95,8.18,9.39,6.29,5.01,10.21,6.29,13.4,0
619,110.64999999999998,58.31,6.47,5.79,11.08,6.91,2.48,9.74,13.83,8.96,9.6,4.07,4.98,8.49,7.25,11.0,1
695,119.11,59.47,7.87,7.48,9.59,7.21,1.7,10.14,13.78,8.9,8.51,6.25,5.31,7.76,7.1,17.51,0
927,127.98,66.45,8.48,7.47,10.15,4.78,1.82,10.98,17.75,8.8,9.39,6.8,5.96,10.71,7.42,17.47,0
339,118.44,65.59,7.03,6.29,11.68,6.57,2.42,10.74,18.96,9.38,9.52,5.2,4.33,9.4,6.33,10.59,0
52,112.2,56.83,9.4,7.55,9.33,6.14,1.51,8.98,12.4,9.04,8.12,6.22,4.37,7.46,6.62,15.06,1
508,113.85,60.37,6.46,5.82,10.03,6.46,1.99,10.79,15.48,9.14,9.17,5.6,4.23,10.12,6.04,12.52,1
517,120.70999999999998,60.04,7.08,7.44,11.61,4.49,2.03,9.6,15.08,9.1,8.74,5.81,5.1,8.84,6.44,19.35,0
921,113.58,57.31,9.32,6.86,8.47,6.76,2.12,11.13,14.77,8.57,9.2,4.35,4.35,7.17,6.26,14.25,1
782,119.42,59.22,8.63,4.8,8.79,7.6,1.87,11.05,13.07,9.32,8.78,6.3,4.33,8.63,6.83,19.42,0
265,117.34,62.75,8.54,5.91,11.62,6.9,2.62,11.19,14.96,9.22,8.2,4.69,5.8,7.62,6.52,13.55,0
818,117.01,62.96,6.32,4.24,9.37,6.41,2.2,11.45,18.57,9.35,9.12,6.38,5.21,8.5,7.59,12.3,0
711,117.76999999999998,64.37,8.97,6.74,10.53,5.94,2.84,10.3,15.29,8.48,8.43,6.32,4.45,10.03,6.22,13.23,0
683,115.81,61.42,9.69,7.71,10.03,6.3,1.67,10.97,16.81,8.63,8.63,4.35,5.0,7.57,6.53,11.92,0
833,116.55,58.87,7.09,6.69,9.55,4.57,2.73,11.4,17.46,9.21,8.83,4.76,4.41,8.3,7.22,14.33,0
519,123.51,65.0,6.52,5.51,11.48,7.42,1.85,10.02,15.93,9.37,8.59,4.93,5.5,11.37,7.52,17.5,0
448,111.84999999999998,58.21,7.91,5.21,8.53,6.89,2.92,11.22,14.8,8.71,8.57,4.86,4.88,7.42,6.88,13.05,1
19,112.72,59.42,6.98,4.7,9.18,5.07,1.77,8.52,16.01,8.63,9.44,6.98,5.68,7.75,7.19,14.82,1
716,122.39999999999998,64.53,7.48,6.1,10.69,4.81,2.29,9.34,16.18,8.5,9.28,6.87,5.74,10.47,7.43,17.22,0
484,112.11,56.59,9.18,7.16,9.82,4.53,1.26,9.11,16.45,8.25,9.12,4.15,4.24,6.96,7.61,14.27,1
569,110.99,57.14,6.52,6.57,8.93,6.8,1.82,8.86,14.55,8.19,8.59,5.82,5.79,6.91,6.01,15.63,1
434,120.5,61.68,7.5,5.0,8.7,6.52,2.49,9.59,13.0,8.34,8.65,5.85,5.91,11.71,7.68,19.56,0
368,110.41,58.2,7.78,7.33,10.91,5.57,2.57,9.84,16.07,8.35,9.08,4.26,4.16,6.88,6.99,10.62,1
84,119.74,64.58,6.27,5.77,9.44,6.83,1.22,11.06,19.06,8.98,9.67,6.4,5.38,9.98,7.5,12.18,0
62,109.95,58.69,6.35,5.7,11.0,7.83,1.64,9.12,14.83,8.53,8.83,4.27,5.35,7.42,6.64,12.44,1
639,111.18999999999998,55.5,7.9,6.8,8.56,4.29,2.26,8.86,13.86,9.37,8.98,4.79,5.38,8.46,6.3,15.38,1
273,113.33,62.45,7.11,5.51,11.39,5.61,1.75,9.64,14.02,9.11,9.33,7.63,5.87,9.07,6.18,11.11,1
286,114.70999999999998,56.64,6.72,5.66,9.48,5.39,1.6,10.7,15.97,8.88,8.36,6.0,4.63,6.85,7.26,17.21,1
361,117.66,61.34,9.54,7.62,11.01,6.04,1.53,11.01,13.75,8.59,8.77,4.69,4.8,9.98,7.22,13.11,0
355,118.78000000000002,65.35,6.91,4.11,11.01,6.55,1.57,10.7,17.14,8.94,8.93,6.42,5.7,10.05,6.76,13.99,0
457,118.06,62.1,8.74,6.91,9.16,4.77,2.0,9.76,14.03,8.78,8.59,6.9,5.39,11.11,6.96,14.96,0
279,112.94,60.63,8.67,4.72,10.97,5.51,1.5,9.69,13.77,8.53,9.48,4.86,5.03,10.32,6.37,13.52,1
13,118.27,62.93,9.78,7.32,10.59,6.48,1.7,11.22,14.75,9.59,9.28,6.61,5.34,7.68,6.62,11.31,0
183,113.1,60.0,6.89,6.11,11.12,6.71,1.83,10.62,16.04,8.84,9.43,4.97,4.87,7.57,7.04,11.06,1
369,110.89,60.16,6.91,6.46,11.0,5.13,2.81,8.31,16.56,9.25,8.42,5.24,4.23,8.28,7.33,10.96,1
882,125.47,65.32,7.92,6.37,10.56,6.91,1.96,10.45,16.12,8.6,8.87,6.35,5.61,9.89,7.96,17.9,0
616,120.49,64.34,8.79,6.72,9.14,6.66,2.1,9.93,16.46,9.15,8.38,5.59,5.58,10.02,7.05,14.92,0
224,120.59,58.97,8.22,7.65,10.37,4.96,1.46,10.26,13.0,8.64,8.36,7.67,4.97,8.32,6.96,19.75,0
573,113.99,58.26,8.16,7.56,11.35,7.01,1.75,11.18,14.63,8.64,9.79,4.23,4.4,6.73,6.16,12.4,1
971,116.51999999999998,59.66,9.74,6.18,8.27,4.68,2.0,10.98,15.26,8.92,8.52,4.82,5.66,9.23,7.67,14.59,0
654,118.49,59.26,8.51,4.91,10.66,5.78,1.95,11.51,13.47,9.52,9.31,5.38,5.73,7.78,7.2,16.78,0
546,118.96,59.89,8.66,6.56,9.37,4.74,1.67,9.58,14.06,8.75,9.59,5.95,5.42,10.02,7.33,17.26,0
583,116.92,65.19,9.37,6.65,10.49,6.42,1.21,9.71,16.32,8.24,8.91,6.6,4.28,10.5,7.06,11.16,0
634,109.85,56.65,6.57,5.33,9.37,4.98,1.78,9.43,13.59,9.47,8.32,6.75,5.51,8.1,7.28,13.37,1
177,124.56,63.62,7.93,7.72,9.07,6.61,1.6,10.36,15.4,8.81,9.57,6.97,5.45,10.59,7.61,16.87,0
666,114.17999999999998,62.33,9.21,6.81,10.17,7.02,2.37,9.73,14.38,8.49,8.99,5.36,5.44,8.38,7.34,10.49,1
674,121.33,67.96,6.92,4.9,10.59,7.97,2.82,11.32,19.16,8.94,8.98,5.42,5.44,9.64,7.62,11.61,0
586,124.19,64.1,7.51,5.73,10.0,5.71,2.55,10.97,17.03,9.24,8.99,6.19,5.56,9.55,7.3,17.86,0
874,118.06,63.34,7.73,6.91,10.42,6.51,1.96,11.46,16.45,8.41,8.27,6.35,5.75,8.17,7.19,12.48,0
394,117.09,62.29,9.39,7.24,8.24,6.93,2.62,10.72,16.69,9.77,9.79,5.22,4.72,8.48,6.47,10.81,0
164,112.73999999999997,54.47,7.35,6.92,9.95,4.34,2.15,9.4,13.35,9.95,9.13,5.02,4.38,7.93,7.1,15.77,1
249,121.65999999999998,63.12,7.47,6.29,9.25,5.87,1.34,10.26,17.15,9.83,8.67,7.88,5.58,8.58,7.72,15.77,0
635,116.42000000000002,59.7,9.34,7.43,9.49,4.1,1.32,8.23,16.1,9.39,9.19,6.45,5.67,7.23,7.04,15.44,0
886,117.68,59.04,6.7,4.56,10.68,4.44,2.08,8.89,14.34,9.31,9.45,6.24,5.23,9.33,7.35,19.08,0
670,118.18,63.41,6.51,6.5,10.58,6.83,1.87,11.21,18.55,8.85,9.39,7.31,5.11,6.65,6.25,12.57,0
376,122.04,64.94,8.46,6.74,10.59,5.37,2.23,10.1,18.58,8.7,8.38,7.79,4.81,7.11,7.38,15.8,0
413,123.56,65.44,9.15,7.14,10.33,5.6,2.21,9.54,17.69,9.24,8.78,5.17,4.61,10.68,7.55,15.87,0
75,116.95,61.53,9.01,6.82,8.91,6.65,1.54,10.67,17.63,9.13,9.79,4.88,4.11,8.8,6.33,12.68,0
114,113.93000000000002,59.05,7.25,6.94,10.67,5.99,1.81,8.55,13.88,9.17,9.04,6.14,4.95,8.36,7.37,13.81,1
599,111.23,60.14,8.08,6.41,8.82,5.97,1.58,9.28,14.34,8.07,8.2,5.39,4.89,11.07,6.77,12.36,1
962,116.57,61.99,8.17,5.89,10.04,6.14,1.35,8.97,16.45,8.21,9.46,5.86,5.5,8.48,7.24,14.81,0
391,116.21,62.16,6.83,6.25,10.31,7.09,2.26,10.52,14.94,8.67,8.68,4.97,5.32,10.44,7.0,12.93,0
105,126.71,67.59,7.8,7.08,9.59,7.15,2.15,10.29,19.46,9.41,8.73,5.6,4.27,11.57,6.9,16.71,0
115,113.33,58.06,6.18,5.15,9.28,5.16,2.59,11.35,13.89,8.27,9.82,5.3,5.34,10.32,7.33,13.35,1
418,111.61,58.7,6.97,5.18,9.07,5.87,1.63,9.42,16.15,8.92,8.85,5.54,4.74,8.73,6.39,14.15,1
526,116.46,60.92,7.57,4.78,10.93,5.57,2.71,11.28,13.19,9.93,9.86,5.85,4.85,10.25,6.94,12.75,0
458,114.56,56.42,7.76,7.42,9.43,5.3,1.23,10.93,12.49,8.77,9.8,6.44,5.13,8.64,7.28,13.94,1
410,123.02,63.24,9.49,7.24,10.15,5.66,1.42,10.1,14.84,9.42,8.95,7.42,5.32,8.94,7.39,16.68,0
93,124.15999999999995,66.67,7.29,5.24,10.85,7.07,2.41,11.8,18.8,9.71,8.98,6.05,4.85,9.35,7.32,14.44,0
931,115.74,58.61,6.27,5.48,10.06,5.19,2.11,10.88,14.76,9.42,9.12,6.08,5.2,8.94,6.48,15.75,0
90,120.26,60.6,7.52,6.62,10.47,6.42,2.87,11.63,15.41,8.75,8.66,6.34,4.13,7.44,6.28,17.72,0
337,129.16,68.28,8.43,5.79,10.01,6.39,2.15,9.99,17.64,9.23,9.35,7.08,5.05,11.53,7.14,19.38,0
989,119.25,65.15,8.85,4.08,10.82,7.44,1.85,11.35,17.02,8.93,8.57,6.41,4.82,7.94,6.11,15.06,0
922,115.47,61.17,7.3,5.2,11.32,5.7,1.19,8.49,15.01,9.06,9.08,5.2,4.86,10.59,6.98,15.49,1
934,115.22,63.14,8.83,5.14,8.22,6.78,2.1,11.51,18.8,9.15,8.38,6.05,4.73,7.63,6.28,11.62,1
606,114.12000000000002,57.83,8.98,6.78,9.61,5.61,2.39,10.58,13.88,8.75,9.74,5.76,5.4,6.2,6.43,14.01,1
594,128.31,68.13,7.95,7.16,10.46,5.82,1.9,10.5,19.45,9.81,8.92,5.61,5.65,11.29,7.38,16.41,0
612,121.89,63.58,9.39,5.08,10.6,6.91,1.74,8.65,13.38,9.13,9.74,7.28,4.81,9.47,7.07,18.64,0
95,123.94000000000004,61.32,8.11,7.28,8.83,7.12,2.47,11.58,17.2,8.51,9.64,5.54,5.0,7.05,7.68,17.93,0
12,125.39,65.71,9.72,7.65,9.07,5.29,1.81,9.52,18.9,9.42,9.76,4.91,5.1,10.91,7.36,15.97,0
397,114.57,62.84,7.39,5.64,9.94,5.28,2.53,10.91,18.61,8.85,9.71,5.8,4.7,8.59,6.25,10.37,1
534,115.35000000000002,59.57,7.67,4.81,9.24,5.99,1.76,9.32,14.76,9.17,9.55,5.06,5.08,10.01,6.93,16.0,1
44,109.92,58.07,8.99,4.58,8.77,5.64,1.71,8.78,12.19,8.77,8.82,6.2,5.27,9.3,6.95,13.95,1
43,116.1,61.01,9.21,7.75,9.25,7.36,2.8,9.88,13.56,8.46,9.5,7.69,4.35,6.79,6.85,12.65,0
330,113.42999999999998,62.5,6.74,4.32,9.08,6.2,2.56,10.07,17.74,8.68,8.16,7.02,5.46,7.7,6.24,13.46,1
168,118.21,64.35,9.6,6.96,8.64,4.88,2.15,8.7,19.17,9.28,9.25,5.12,4.61,10.18,6.93,12.74,0
498,114.37,61.15,9.04,5.82,8.55,5.41,2.42,11.69,15.84,9.72,8.83,6.87,4.98,8.04,6.87,10.29,1
877,115.6,57.58,7.55,6.18,11.11,5.21,1.87,10.33,13.37,9.01,8.88,6.31,4.62,7.54,7.52,16.1,1
598,118.61,61.77,6.07,7.64,10.75,6.71,2.07,9.6,12.85,9.67,9.43,6.06,5.59,11.67,7.52,12.98,0
757,120.06,60.71,9.01,6.28,11.5,6.36,1.76,11.72,15.61,9.21,8.56,4.34,4.7,7.43,6.38,17.2,0
101,122.05,65.61,8.99,5.16,11.35,6.57,1.7,11.27,15.7,9.52,9.44,5.56,5.75,9.99,7.84,13.21,0
427,114.36,58.82,7.96,7.79,8.37,4.98,1.67,10.54,15.89,8.64,9.21,6.27,5.35,8.33,7.27,12.09,1
179,115.75,63.1,9.54,6.2,10.63,7.15,1.45,9.01,18.65,9.64,9.37,4.33,4.35,7.0,6.45,11.98,0
445,121.2,62.31,9.19,6.92,11.14,7.21,2.63,10.69,14.04,9.05,8.3,6.02,4.5,7.58,6.25,17.68,0
417,117.67,64.03,8.73,5.47,11.28,4.75,1.87,9.46,15.38,9.29,8.69,6.16,5.29,10.57,6.33,14.4,0
871,121.73,64.06,9.74,7.68,11.07,7.32,1.16,10.96,17.78,9.07,8.85,4.68,4.52,7.79,7.06,14.05,0
883,116.32,58.02,7.47,6.79,10.41,4.94,1.94,9.0,13.09,9.0,8.15,7.16,5.47,7.54,7.13,18.23,0
681,113.88,59.89,6.46,7.12,9.91,5.82,1.9,8.8,17.54,8.57,8.33,4.75,4.72,8.79,6.27,14.9,1
178,120.37000000000002,61.56,8.61,7.1,9.32,7.53,2.29,10.6,13.63,8.52,9.11,5.84,4.94,9.4,7.48,16.0,0
396,117.98999999999998,60.39,6.94,5.86,11.23,7.44,1.42,11.44,16.18,8.67,8.88,4.38,4.78,8.02,7.52,15.23,0
912,117.27,62.39,6.67,4.39,11.22,4.43,1.95,10.71,17.18,8.31,9.12,4.8,5.67,10.47,6.15,16.2,0
794,115.43,64.3,6.71,4.16,9.16,7.05,2.54,9.52,18.69,9.56,9.35,7.12,4.67,8.36,6.43,12.11,1
961,120.26,63.62,8.15,4.27,9.9,6.22,2.25,8.76,17.75,9.43,8.64,7.64,4.64,7.07,6.25,19.29,0
685,128.44,69.98,9.26,6.33,11.76,7.05,1.99,10.27,17.74,8.86,9.57,7.17,4.26,10.75,7.44,15.99,0
384,114.97,59.59,8.17,5.73,9.2,7.51,1.83,10.17,16.8,9.0,9.03,4.78,4.67,6.63,6.48,14.97,1
957,119.0,63.97,7.77,5.19,10.54,6.91,2.64,11.19,15.08,8.92,8.92,4.87,5.57,10.59,7.4,13.41,0
752,124.69,67.09,8.38,5.84,10.12,6.09,2.02,10.79,18.65,9.06,8.26,7.66,5.67,8.5,6.98,16.67,0
258,117.51,63.49,7.63,5.49,9.38,5.05,2.02,10.17,17.72,9.39,9.55,5.76,5.41,10.52,6.66,12.76,0
539,120.18,65.27,8.45,5.91,11.59,6.06,2.6,10.83,16.37,8.56,8.26,4.47,4.87,10.86,7.0,14.35,0
336,122.11,65.61,8.09,5.29,10.58,5.34,2.74,11.47,17.75,9.35,8.78,6.8,5.02,9.29,7.24,14.37,0
16,112.36,59.91,8.14,6.28,9.38,7.26,1.13,9.42,14.89,9.37,9.31,6.76,4.55,7.8,7.56,10.51,1
325,119.48999999999998,57.82,7.77,6.07,9.05,5.62,1.97,9.04,14.77,9.19,9.83,4.88,4.83,8.93,7.88,19.66,0
759,117.18,64.42,6.4,5.81,9.93,4.93,1.98,9.77,18.37,8.82,9.26,7.14,4.68,10.99,7.05,12.05,0
223,112.2,58.6,7.08,5.81,8.28,6.59,1.41,8.55,17.98,9.01,9.82,5.51,4.85,6.9,7.19,13.22,1
180,114.52,57.2,6.94,5.26,9.25,5.47,1.19,10.1,13.81,8.67,9.47,4.79,4.85,10.9,7.57,16.25,1
984,116.93999999999996,61.81,9.89,6.41,8.22,5.94,1.59,9.84,16.27,9.49,8.35,4.67,4.32,10.91,7.41,13.63,0
23,122.41,62.9,7.66,4.84,9.67,5.22,1.63,11.06,16.35,9.39,8.8,5.75,5.98,10.64,7.87,17.55,0
357,120.11,63.05,6.98,6.36,10.28,7.35,2.19,8.86,16.23,8.58,8.92,4.72,5.56,9.74,7.16,17.18,0
667,109.46,57.85,6.63,5.14,11.31,7.22,2.01,11.65,13.31,8.29,8.24,5.41,5.62,6.34,6.15,12.14,1
862,125.44999999999996,63.08,7.34,6.72,9.7,7.45,2.93,11.35,13.4,8.47,9.77,6.71,4.76,10.79,7.82,18.24,0
341,119.20000000000002,62.42,7.76,4.24,10.0,6.47,2.33,10.77,18.26,8.9,8.76,5.67,5.31,6.62,7.2,16.91,0
432,117.21,59.07,8.17,5.64,10.92,6.92,1.63,9.85,12.49,8.32,8.52,4.64,4.75,9.55,7.74,18.07,0
552,112.76000000000002,58.75,7.91,5.95,10.8,4.53,2.4,10.53,16.19,8.96,8.64,4.66,5.23,7.03,6.12,13.81,1
834,117.84,59.4,9.36,5.99,8.81,6.39,1.26,10.41,14.88,8.78,8.54,4.23,5.58,8.89,7.14,17.58,0
204,118.43,66.26,8.56,7.86,8.57,7.87,1.45,8.6,16.96,8.92,9.08,5.25,5.78,11.82,7.04,10.67,0
631,118.83999999999996,62.8,8.35,6.85,11.44,5.1,1.74,9.77,13.83,9.27,8.38,6.21,5.63,10.5,7.35,14.42,0
94,116.04,61.5,7.3,4.79,10.66,6.25,2.66,11.48,15.0,8.52,8.22,6.85,4.8,7.98,6.69,14.84,0
559,115.55,59.28,8.57,7.3,8.47,7.54,1.19,9.02,13.38,8.33,8.33,4.76,5.1,10.27,7.75,15.54,1
69,122.15,64.82,7.56,6.88,10.48,7.13,1.44,9.64,16.75,9.01,9.64,5.93,5.11,10.42,6.67,15.49,0
623,119.64,62.49,9.47,4.76,11.45,5.73,1.64,9.64,12.37,8.4,8.74,7.3,5.55,8.98,7.86,17.75,0
285,122.01000000000002,61.94,8.84,6.38,8.27,4.62,1.61,10.02,18.03,8.61,9.62,6.87,5.26,8.44,7.01,18.43,0
845,114.96,61.04,9.61,5.12,9.52,5.46,1.96,10.11,16.05,8.9,9.33,5.64,4.76,8.04,7.69,12.77,1
435,124.38,63.04,7.71,7.43,10.55,6.47,2.13,10.68,15.01,8.83,9.14,6.68,5.16,9.33,6.86,18.4,0
154,122.39,67.09,8.4,4.8,10.93,5.89,1.76,9.85,17.01,8.86,8.6,7.3,5.7,10.1,6.55,16.64,0
76,117.41,58.47,7.81,5.36,8.83,5.59,1.27,9.61,15.38,8.55,9.42,7.13,5.64,6.82,6.59,19.41,0
731,114.75,57.62,8.22,4.74,8.15,4.98,1.51,9.45,15.17,9.02,8.32,6.42,5.42,7.75,7.41,18.19,1
447,117.59,61.49,8.51,7.26,10.22,4.5,2.48,9.26,16.87,8.88,9.03,5.76,5.09,8.06,6.74,14.93,0
189,109.76000000000002,54.44,6.5,4.61,8.1,4.2,2.04,10.38,12.91,8.4,8.91,6.45,4.95,9.29,6.48,16.54,1
272,118.7,62.74,6.16,4.77,11.65,6.32,1.86,11.41,18.49,8.76,9.86,4.99,4.55,8.72,6.09,15.07,0
237,115.04,64.23,9.11,5.37,9.65,5.46,2.45,10.73,16.19,8.38,8.52,7.52,5.68,8.17,6.86,10.95,1
488,124.17999999999998,65.18,7.46,5.73,11.0,6.2,2.52,8.85,18.52,9.29,9.49,4.82,5.06,9.6,6.46,19.18,0
118,118.28,61.91,9.74,7.57,9.83,6.37,1.6,8.79,15.98,9.65,9.78,5.36,4.5,8.53,6.71,13.87,0
944,109.94,57.62,7.58,5.21,8.43,6.73,1.88,11.1,15.05,9.66,8.96,5.44,4.68,7.83,6.5,10.89,1
513,111.01999999999998,57.45,8.52,6.4,10.71,4.23,1.52,8.48,15.17,8.86,8.81,4.93,4.27,8.1,6.25,14.77,1
826,117.17999999999998,62.29,8.61,5.47,10.23,7.09,1.86,9.68,16.58,8.74,9.53,5.5,4.6,7.82,6.45,15.02,0
592,120.63,65.77,9.89,5.69,10.74,6.08,2.34,10.02,13.43,9.12,8.14,7.48,4.08,11.73,7.2,14.69,0
127,113.49,60.83,6.44,5.9,11.72,5.37,1.16,8.63,15.7,8.67,9.08,5.94,4.65,9.85,6.77,13.61,1
117,119.28,57.81,8.4,7.18,10.17,5.42,1.45,10.67,14.57,9.01,8.93,6.33,4.23,7.24,7.27,18.41,0
474,121.66,64.28,9.11,7.77,11.59,5.13,2.63,10.26,14.93,9.21,8.33,5.68,5.28,9.93,6.76,15.05,0
694,120.29000000000002,63.71,9.07,5.5,9.94,4.85,1.79,8.41,17.0,8.12,9.31,7.64,5.82,7.6,7.43,17.81,0
58,123.83,63.21,7.78,6.93,8.67,7.02,1.5,9.24,13.83,8.43,8.65,6.79,5.91,11.71,7.73,19.64,0
864,113.79000000000002,59.43,7.86,7.37,10.04,5.96,2.28,9.71,17.25,9.37,9.59,5.76,4.03,6.25,7.45,10.87,1
913,113.75,57.26,7.44,7.35,9.76,6.79,1.28,9.78,12.69,8.8,8.38,4.93,4.61,9.76,6.55,15.63,1
370,115.29,58.74,6.63,4.51,9.36,4.84,1.93,9.49,14.4,8.7,8.43,6.62,4.93,10.03,7.49,17.93,1
269,116.38,61.04,9.08,5.8,9.78,5.32,2.48,9.38,16.96,9.15,9.31,4.44,4.77,8.21,6.1,15.6,0
47,118.98,63.82,8.85,6.88,10.95,5.97,2.45,8.78,14.02,8.7,8.64,6.59,5.71,9.28,6.89,15.27,0
350,111.98000000000002,58.59,7.48,7.48,8.98,4.95,2.09,9.0,17.67,9.69,9.43,6.51,4.18,6.73,6.56,11.23,1
196,110.42,57.62,8.93,4.72,8.86,5.72,1.55,9.53,16.7,9.19,9.85,4.26,4.61,6.99,6.55,12.96,1
1000,116.34,62.38,7.57,6.17,10.48,6.75,2.75,9.68,16.32,8.53,9.31,4.93,5.13,8.45,7.95,12.32,0
835,114.95,61.03,9.59,5.99,9.37,7.88,2.7,11.19,13.22,8.88,8.84,6.46,4.64,7.17,6.75,12.27,1
737,120.5,62.71,7.68,5.6,11.26,5.0,2.22,11.71,14.82,9.38,9.01,5.67,4.27,11.79,7.29,14.8,0
264,112.37,59.32,6.6,6.05,10.54,6.26,1.68,11.6,16.06,8.87,9.65,5.82,5.24,7.12,6.47,10.41,1
444,118.71,62.66,6.33,4.92,9.12,7.1,2.08,8.27,14.29,8.86,9.75,7.51,5.52,10.71,7.61,16.64,0
676,118.16,62.62,7.22,6.52,10.29,7.1,1.7,10.49,16.04,9.31,9.31,5.6,5.1,9.57,7.02,12.89,0
305,119.82,62.26,6.72,4.87,8.42,6.98,1.78,10.38,15.18,8.98,9.11,6.84,4.99,11.35,6.69,17.53,0
342,119.35,65.87,8.31,4.32,11.25,6.6,2.56,11.24,16.12,8.91,9.78,6.51,5.89,8.63,7.61,11.62,0
967,119.89,60.89,6.03,5.94,11.1,5.26,1.69,11.02,16.6,9.23,8.61,6.99,4.26,8.96,7.06,17.14,0
150,118.07,60.92,6.09,6.39,10.51,4.79,2.48,10.66,15.92,8.82,9.36,7.17,5.74,8.22,6.88,15.04,0
125,111.91,61.74,6.69,5.36,9.72,5.76,2.58,8.93,14.44,9.03,8.89,6.58,5.19,10.78,6.76,11.2,1
787,115.2,61.9,8.91,6.0,8.91,5.93,2.46,9.9,13.55,9.0,9.2,7.13,5.5,9.51,7.53,11.67,1
51,117.6,61.64,9.67,6.48,8.52,5.6,1.51,10.22,15.5,8.71,9.88,7.27,4.9,8.67,6.64,14.03,0
354,120.15,65.66,6.15,6.26,10.23,6.93,2.82,8.23,17.26,8.25,9.34,6.36,5.6,10.31,7.53,14.88,0
928,110.41,56.39,6.99,6.71,9.57,5.14,2.32,11.89,13.3,9.33,8.9,6.01,4.54,8.52,6.78,10.41,1
143,122.82000000000002,62.99,8.11,6.9,10.74,5.45,2.55,10.37,16.6,8.46,8.62,6.62,4.52,8.4,7.33,18.15,0
471,116.59,61.46,7.29,6.97,8.98,6.01,1.93,9.35,19.12,8.75,8.38,6.0,4.89,7.24,6.96,14.72,0
400,123.6,67.43,7.79,5.7,9.31,6.78,2.35,10.83,18.34,8.25,8.43,6.59,5.07,11.2,6.74,16.22,0
626,125.39,64.15,7.5,6.11,9.07,7.75,1.26,9.49,16.87,9.61,9.41,7.73,5.38,8.59,7.83,18.79,0
321,112.73,60.8,7.73,5.46,11.49,7.8,2.53,9.19,13.19,8.55,9.16,4.73,4.81,8.52,6.47,13.1,1
20,120.39,64.26,9.48,6.71,9.2,6.15,1.44,10.31,18.11,9.43,8.28,5.95,5.62,8.31,7.22,14.18,0
810,123.59,64.97,8.38,7.35,10.62,6.76,1.48,10.63,16.82,8.99,9.6,7.21,5.76,7.94,7.53,14.52,0
791,119.82,64.84,7.77,6.51,10.93,6.66,2.63,8.51,14.89,9.59,9.86,6.62,5.59,9.75,7.65,12.86,0
809,117.9,60.37,6.95,4.56,10.7,5.15,1.55,10.87,18.93,8.31,8.42,5.05,5.04,7.0,7.45,17.92,0
408,121.59,65.33,7.3,5.05,10.72,7.24,1.57,8.88,17.09,9.3,8.78,6.94,5.82,8.65,7.07,17.18,0
538,125.67,65.11,8.57,7.14,11.21,5.24,2.59,9.71,15.95,9.32,9.11,5.35,5.57,10.63,7.62,17.66,0
621,111.88,60.63,6.82,5.78,11.13,4.81,1.26,9.78,16.68,9.28,9.49,5.36,5.84,8.73,6.62,10.3,1
39,112.92000000000002,59.84,8.62,6.94,9.47,5.96,1.77,8.27,15.52,9.4,9.29,4.71,4.51,9.28,6.53,12.65,1
176,117.86,62.12,7.43,4.77,10.73,6.29,2.58,10.51,15.06,8.55,9.15,4.58,4.82,10.63,7.26,15.5,0
246,125.89,66.66,8.33,7.89,10.75,7.02,2.54,9.96,15.26,8.55,9.54,6.39,5.7,10.67,7.76,15.53,0
829,122.82,66.17,9.12,6.23,10.98,6.63,2.62,10.29,13.59,8.67,8.75,6.01,5.74,11.48,6.09,16.62,0
668,111.98000000000002,57.24,7.18,6.97,8.84,5.35,1.09,9.67,15.15,9.3,9.25,6.14,4.7,8.79,6.54,13.01,1
755,111.89,57.94,9.0,4.51,8.96,6.12,2.38,10.61,13.37,8.89,8.7,4.29,4.97,8.85,6.7,14.54,1
859,111.35,59.15,7.24,7.04,8.63,6.73,1.65,10.33,16.44,8.8,8.35,5.24,5.53,7.69,7.12,10.56,1
155,115.47,56.75,7.27,5.25,9.57,5.55,1.62,11.09,14.59,8.85,9.17,4.53,5.4,8.22,7.85,16.51,1
288,129.59,68.48,9.1,7.53,10.77,5.32,2.13,10.25,17.74,9.17,9.24,7.27,5.04,11.11,7.43,17.49,0
603,129.6,71.57,9.04,7.27,10.31,7.63,2.54,11.32,19.31,9.14,8.44,6.24,5.11,11.39,6.54,15.32,0
570,113.54,60.52,6.93,5.69,10.56,6.36,2.6,10.25,15.0,8.23,9.05,5.83,5.23,8.01,7.28,12.52,1
744,111.26,59.59,6.94,5.12,11.6,6.16,2.44,11.7,13.47,8.78,8.44,4.36,4.44,10.18,6.37,11.26,1
18,110.03,58.83,7.33,5.22,9.01,5.28,2.16,8.89,17.53,9.2,8.87,4.24,5.58,7.7,6.5,12.52,1
128,108.69,54.38,7.72,7.36,8.5,5.97,1.59,10.7,14.76,8.46,9.78,4.18,4.41,7.25,6.48,11.53,1
323,117.36,60.17,8.65,6.54,9.86,4.78,2.5,10.5,15.66,8.82,9.41,4.92,4.1,9.7,7.41,14.51,0
256,114.63,56.89,6.3,4.95,11.84,4.59,2.08,9.61,15.41,8.21,9.33,5.96,4.22,6.49,6.73,18.91,1
658,126.29,67.74,9.32,4.92,10.05,6.63,2.09,9.21,16.68,9.59,8.67,7.59,4.76,10.62,7.64,18.52,0
965,128.05,66.01,7.08,7.22,11.4,7.09,2.31,11.38,13.12,8.28,8.59,7.96,5.94,11.11,7.97,18.6,0
191,107.9,55.06,6.53,6.08,9.26,4.85,1.77,9.15,16.86,8.57,8.74,4.11,4.27,7.41,6.04,14.26,1
116,117.05,61.74,9.69,5.97,10.54,4.58,1.41,9.29,16.42,9.55,8.59,5.02,4.87,9.21,6.52,15.39,0
617,111.78,58.45,7.15,4.24,8.45,4.34,1.15,10.51,17.12,8.91,9.1,7.66,4.99,7.59,6.98,13.59,1
607,124.28,65.62,7.75,5.74,10.76,6.13,1.33,10.71,18.22,9.49,8.75,6.42,5.2,9.81,7.13,16.84,0
181,113.83,61.46,9.46,4.58,9.22,7.06,2.34,10.32,13.75,8.32,8.4,6.25,4.58,8.8,7.36,13.39,1
302,120.6,65.47,7.76,5.88,9.58,5.63,2.04,10.44,17.83,8.25,8.42,7.44,4.78,10.41,7.23,14.91,0
760,112.03,58.83,9.01,5.28,9.8,5.53,2.77,10.18,12.65,8.89,8.83,5.81,5.56,7.7,6.43,13.59,1
713,114.23,60.31,7.66,6.75,9.5,7.2,2.17,9.31,18.38,9.6,9.52,4.53,4.62,6.25,6.61,12.13,1
724,123.78,63.65,9.33,6.06,10.55,6.97,2.18,9.43,13.13,9.65,9.33,6.93,4.6,9.96,7.56,18.1,0
686,118.05,64.95,8.13,6.7,9.6,7.15,1.86,10.25,18.99,8.83,9.42,5.91,4.29,9.02,6.25,11.65,0
980,120.85,63.67,7.33,6.69,9.41,4.66,2.15,10.97,17.38,9.27,8.56,6.95,4.97,10.82,6.55,15.14,0
518,111.94,57.55,6.59,5.33,9.81,7.63,2.34,10.4,13.68,8.7,9.33,4.96,5.23,7.31,7.22,13.41,1
985,119.65999999999995,61.35,7.21,7.24,11.19,6.31,2.19,11.65,14.22,8.5,8.69,7.57,5.38,7.28,6.74,15.49,0
46,115.52999999999996,59.41,6.59,6.74,8.65,5.85,1.33,10.15,18.07,9.24,8.36,5.66,5.3,7.96,7.64,13.99,1
910,120.74999999999996,66.24,7.14,4.4,8.61,5.65,2.22,9.37,18.87,8.75,8.31,6.27,5.71,11.77,7.89,15.79,0
158,123.85,64.01,8.58,5.43,10.19,7.14,2.5,11.13,15.66,9.01,9.23,6.63,5.41,7.9,7.6,17.44,0
852,122.3,64.07,9.25,6.63,8.65,5.1,1.47,11.06,14.91,9.06,9.49,7.31,5.59,11.79,7.51,14.48,0
172,117.58999999999996,62.32,9.28,7.53,9.79,5.5,1.34,10.66,13.4,8.93,8.93,6.86,5.24,10.91,7.48,11.74,0
17,116.26,63.57,7.74,5.47,10.85,4.42,1.89,9.9,16.64,9.26,9.43,6.04,5.05,10.94,6.9,11.73,0
512,125.86,64.66,6.5,6.73,11.17,5.93,2.16,10.17,16.58,9.29,8.86,7.35,5.81,9.16,6.98,19.17,0
49,116.03,61.06,9.02,7.46,9.05,5.45,2.72,11.5,17.45,8.5,8.87,5.38,4.53,7.46,6.43,12.21,0
972,119.31,61.8,8.29,6.13,8.97,5.35,2.63,9.34,17.71,9.39,9.57,5.99,5.04,7.82,6.7,16.38,0
941,119.2,61.39,6.27,4.23,10.21,5.72,2.22,9.98,14.45,9.0,8.91,6.94,4.37,11.21,7.08,18.61,0
516,119.96999999999998,62.79,9.43,5.57,9.89,6.82,1.69,9.33,12.8,8.86,8.63,6.77,5.1,10.29,7.12,17.67,0
953,121.46999999999998,62.91,9.03,4.58,10.86,5.46,1.71,8.78,14.21,8.83,9.61,7.76,5.68,8.2,7.68,19.08,0
481,118.13,58.83,7.13,6.61,8.89,5.66,2.18,9.48,14.67,8.29,8.45,6.16,4.59,9.55,7.6,18.87,0
284,120.15,64.76,7.74,7.07,9.8,4.83,2.03,10.65,17.69,9.38,9.2,6.71,5.81,10.15,7.6,11.49,0
719,126.63,63.64,8.63,6.36,9.62,6.22,1.8,10.72,16.52,9.68,9.51,4.61,5.17,11.07,7.0,19.72,0
878,114.93,59.49,8.91,5.08,8.83,6.59,2.08,11.29,14.29,8.66,8.61,5.47,5.13,8.19,7.22,14.58,1
226,127.25,67.86,9.22,7.19,9.63,6.8,1.57,9.02,19.35,9.49,8.44,5.76,4.65,10.88,7.13,18.12,0
27,127.07999999999998,67.93,8.39,6.87,11.03,6.0,2.71,9.95,16.24,9.67,8.68,7.52,5.02,11.02,7.36,16.62,0
955,121.91999999999996,63.26,8.36,5.23,10.84,6.05,1.84,10.7,17.66,8.69,9.3,4.34,4.71,9.46,7.55,17.19,0
438,113.89,60.72,8.06,5.47,9.57,7.36,1.18,10.44,15.84,8.08,9.03,5.11,4.05,9.55,6.99,13.16,1
952,121.16,60.52,8.2,7.64,10.06,4.99,1.67,9.55,17.18,9.21,9.59,6.42,4.79,7.21,6.76,17.89,0
365,116.27,61.82,6.49,7.39,9.34,6.77,2.96,9.79,18.64,9.46,9.76,4.84,4.28,8.5,6.62,11.43,0
230,119.08,62.67,7.07,5.44,10.62,6.97,2.28,10.41,13.96,8.45,8.34,5.51,5.09,11.17,7.39,16.38,0
38,116.45,59.44,6.92,6.36,8.69,5.64,2.04,9.6,13.51,8.59,8.76,5.35,5.36,11.93,7.7,16.0,0
966,127.76,67.96,9.51,6.53,9.85,6.13,2.36,11.38,19.5,8.93,9.38,6.05,5.81,8.75,7.6,15.98,0
375,122.41,68.48,9.92,5.88,10.95,7.08,2.67,9.47,18.08,9.71,8.94,7.07,4.23,8.48,7.67,12.26,0
470,121.23,65.75,7.37,4.91,9.95,7.55,2.07,10.23,17.99,9.75,9.72,6.23,4.33,10.26,6.11,14.76,0
968,113.81,63.78,7.27,5.01,10.61,5.8,2.64,9.1,18.49,9.06,9.39,6.81,4.2,7.96,7.03,10.44,1
851,124.93,69.55,9.94,5.86,8.58,7.83,2.05,9.72,19.17,9.51,9.31,6.45,5.79,9.74,7.16,13.82,0
705,106.75,58.17,7.13,4.5,10.41,6.59,1.89,8.58,14.41,8.43,9.24,5.55,4.87,7.32,6.44,11.39,1
842,118.44,62.62,7.55,5.02,9.61,5.63,1.81,8.79,16.16,9.8,8.27,6.78,5.18,9.9,6.49,17.45,0
195,116.23,63.3,7.28,6.22,9.8,7.12,1.29,9.53,16.8,9.02,8.57,6.91,4.52,9.58,7.4,12.19,0
855,131.39999999999998,70.01,8.5,7.45,11.57,6.39,2.33,9.68,19.04,8.78,9.11,6.41,4.71,11.06,7.6,18.77,0
865,120.36,65.07,7.98,4.82,11.12,7.01,2.96,11.69,18.32,9.41,9.45,5.44,4.76,7.48,7.3,12.62,0
504,120.29,57.9,6.67,7.38,10.38,4.86,1.89,11.38,15.66,8.87,9.08,4.65,5.46,8.33,6.27,19.41,0
970,109.26,54.91,6.75,4.18,8.88,5.36,1.81,8.82,12.11,8.31,9.06,7.3,4.76,7.94,6.81,17.17,1
831,107.33,55.27,8.94,5.25,8.56,4.76,1.44,9.37,13.55,8.55,9.3,5.39,5.1,7.53,6.7,12.89,1
580,120.31,64.29,8.3,7.35,10.44,7.08,2.2,8.67,14.85,8.9,8.82,5.43,5.16,10.83,7.18,15.1,0
969,121.67000000000002,64.17,9.42,4.84,9.23,5.41,2.6,10.32,14.79,8.45,9.18,7.07,5.76,9.89,7.62,17.09,0
163,124.82,65.56,8.25,5.32,11.5,5.01,2.31,11.12,15.39,9.16,9.13,6.28,5.89,10.93,6.83,17.7,0
909,120.54,64.19,6.72,4.87,10.41,6.54,1.44,11.31,19.51,9.37,8.14,6.5,5.16,7.91,7.55,15.11,0
153,122.68,67.46,7.88,5.43,9.47,5.72,2.46,10.25,17.57,8.47,8.13,7.61,5.42,11.33,7.25,15.69,0
802,112.09,58.57,6.66,6.07,10.61,4.77,1.76,8.84,17.25,9.71,9.54,6.08,4.75,6.69,7.75,11.61,1
994,112.14,59.46,6.38,5.21,8.55,6.43,2.64,11.29,16.37,8.64,9.11,4.97,5.38,8.74,6.81,11.62,1
756,112.19000000000004,60.45,8.07,7.29,10.84,6.59,1.86,9.79,15.28,8.4,9.43,5.71,5.42,6.68,6.37,10.46,1
112,121.16,63.19,7.85,4.5,9.02,6.84,2.04,8.89,15.44,9.17,9.51,7.86,5.92,8.22,7.58,18.32,0
227,111.9,56.58,8.13,7.14,9.12,5.93,1.3,9.72,14.83,8.4,8.22,4.48,4.67,8.12,7.85,13.99,1
689,108.79,58.33,9.6,6.27,9.43,4.98,1.41,8.28,15.23,9.14,8.91,6.09,4.96,6.63,6.08,11.78,1
104,123.23,65.15,8.53,4.31,8.83,5.32,2.42,11.38,17.48,9.06,9.16,6.21,4.99,11.37,7.46,16.71,0
422,113.53,57.4,8.1,5.08,10.44,4.62,1.32,9.72,13.43,8.76,8.28,4.76,5.62,9.11,7.82,16.47,1
420,114.16,58.97,6.7,5.9,9.83,6.47,2.47,11.15,14.33,8.75,9.7,6.17,4.25,8.75,7.6,12.09,1
751,118.9,61.66,8.45,5.15,9.97,6.69,1.27,11.13,14.49,9.57,8.64,5.4,4.95,10.44,6.98,15.77,0
587,123.09,66.38,7.39,6.09,10.62,6.43,1.13,10.91,18.24,9.42,9.65,6.77,5.32,10.48,7.2,13.44,0
781,110.73,59.21,7.53,5.02,9.06,6.48,2.03,9.55,17.46,8.74,9.61,4.99,4.16,7.5,6.3,12.3,1
673,123.4,61.35,7.33,6.53,10.73,6.09,2.79,11.67,14.61,9.05,9.74,6.73,4.75,8.32,7.22,17.84,0
120,111.67,57.36,6.95,5.91,10.93,5.62,2.64,11.17,15.47,8.48,9.42,4.8,4.31,6.64,7.49,11.84,1
54,110.68,58.44,8.59,5.69,8.66,4.43,1.23,8.92,15.33,9.42,8.33,4.63,5.64,9.93,7.08,12.8,1
152,122.51,67.68,6.54,4.77,11.83,7.78,1.31,9.49,18.78,9.29,8.71,5.26,5.08,11.1,7.21,15.36,0
404,118.56,65.2,8.97,4.82,9.34,5.84,1.79,10.08,18.59,9.0,9.19,6.89,5.25,8.53,7.42,12.85,0
946,113.03,60.51,7.32,4.42,9.78,5.54,1.77,9.29,12.97,8.24,8.6,6.79,4.85,11.49,6.99,14.98,1
208,118.67,61.71,7.0,6.57,11.12,6.28,1.93,10.39,16.51,9.3,8.6,6.76,4.98,7.13,6.67,15.43,0
659,110.13,51.56,7.09,5.16,9.83,4.53,1.37,8.86,13.32,9.5,9.26,4.5,4.53,6.39,6.36,19.43,1
844,118.63,59.58,7.34,7.64,9.65,5.56,2.25,10.0,13.36,8.51,8.65,5.96,5.48,9.98,6.95,17.3,0
763,124.59000000000002,65.2,8.72,7.16,9.47,5.94,1.78,11.31,19.13,9.48,8.43,6.67,4.8,8.69,7.0,16.01,0
9,114.14,61.72,7.12,6.64,9.76,6.57,2.31,10.6,15.53,8.56,9.21,4.99,4.79,10.65,6.36,11.05,1
808,128.32999999999998,66.41,8.74,6.05,9.44,5.72,1.58,11.56,19.58,9.59,8.81,6.39,5.26,9.7,7.55,18.36,0
37,120.12,64.74,8.95,4.57,9.68,7.0,1.23,8.93,19.55,9.33,9.83,5.0,4.16,9.17,7.38,15.34,0
453,122.14,65.23,8.03,6.24,9.6,6.85,2.46,9.49,17.02,8.99,8.18,7.08,4.55,9.64,7.56,16.45,0
652,116.62,65.66,7.66,4.18,9.87,7.23,2.49,9.82,17.75,9.2,9.38,5.58,5.73,9.35,6.64,11.74,0
254,121.13,61.32,7.95,6.46,10.06,5.44,2.38,10.26,16.42,9.38,8.96,6.36,5.07,7.64,6.86,17.89,0
304,123.7,64.89,8.04,6.21,10.65,6.22,1.29,9.01,15.5,8.52,9.44,7.88,4.24,11.07,7.72,17.91,0
747,120.32999999999998,62.3,7.35,4.59,8.65,5.11,1.48,10.92,17.01,8.4,9.13,7.16,4.41,11.13,6.69,18.3,0
572,117.23,61.39,6.36,5.58,10.14,6.36,1.66,10.83,17.29,8.95,8.81,5.3,4.65,9.63,6.76,14.91,0
624,115.16,58.09,8.37,5.07,9.96,5.22,2.67,9.58,13.51,9.93,9.78,4.53,5.25,8.58,6.78,15.93,1
733,121.16,62.17,6.79,6.84,10.14,4.58,1.31,9.52,17.97,8.97,9.29,7.25,4.09,10.04,6.61,17.76,0
892,115.85,59.14,8.68,7.85,8.62,5.19,2.03,8.54,15.33,8.37,9.65,5.73,4.47,9.09,6.44,15.86,0
263,119.49,60.56,7.29,5.12,10.7,6.75,2.24,9.94,12.48,8.66,8.88,7.58,5.73,7.79,7.06,19.27,0
611,120.93999999999998,63.46,7.74,7.31,11.43,5.4,1.96,9.55,16.97,8.71,8.73,5.33,5.35,9.28,7.57,15.61,0
298,121.26,62.52,9.21,6.21,9.13,7.38,1.95,10.65,17.29,9.57,9.78,5.43,4.55,7.58,6.35,16.18,0
415,119.08,60.41,7.94,6.76,9.48,6.15,1.43,10.17,16.29,9.65,9.86,4.78,5.29,9.05,6.75,15.48,0
151,115.16,57.41,7.59,6.78,10.06,6.22,1.81,10.35,14.3,8.56,8.9,5.03,4.79,7.61,6.6,16.56,1
789,118.98,59.79,6.85,6.88,9.39,6.37,2.58,8.06,13.35,9.02,9.22,5.46,5.75,10.04,7.6,18.41,0
641,107.81,59.66,7.09,4.58,9.28,5.93,2.04,8.66,16.49,9.11,8.59,6.03,5.11,7.69,6.5,10.71,1
890,118.16,63.89,8.69,6.9,11.62,6.07,1.94,10.35,13.66,8.68,8.39,6.2,4.81,10.9,7.83,12.12,0
551,121.23,62.66,6.58,6.89,10.35,6.87,1.76,10.03,17.98,9.5,9.6,6.85,4.31,7.96,6.28,16.27,0
887,121.27,64.54,8.2,5.32,10.25,6.34,2.78,9.51,17.51,8.7,8.54,4.99,5.52,8.95,6.84,17.82,0
489,119.97,64.44,7.7,6.39,11.3,7.19,2.86,10.24,14.44,8.85,9.68,5.62,4.81,10.52,7.04,13.33,0
148,117.24,62.66,9.22,6.59,10.67,6.48,2.14,10.81,16.66,8.68,9.77,4.47,5.01,8.01,7.61,11.12,0
147,113.76,60.01,8.34,6.73,9.34,5.49,1.77,9.42,16.47,8.56,9.9,6.45,5.72,6.43,6.21,12.93,1
721,119.40000000000002,62.73,7.3,6.45,10.73,5.57,2.09,9.9,16.71,9.15,9.47,5.26,5.28,9.79,7.09,14.61,0
932,132.20999999999998,69.38,9.27,6.87,9.97,6.56,2.45,10.81,17.78,9.53,9.57,6.76,5.43,11.16,7.63,18.42,0
740,123.54999999999998,64.23,8.03,6.43,11.32,6.98,1.92,10.44,16.16,9.32,9.19,6.57,4.94,8.31,7.12,16.82,0
660,115.93,60.28,7.08,6.03,11.59,5.77,2.2,9.31,13.82,9.76,9.25,7.92,4.64,7.26,7.24,14.06,0
349,116.91,64.34,7.57,4.89,9.59,5.31,2.46,8.5,18.38,9.62,9.17,6.2,5.5,9.33,6.64,13.75,0
464,127.03000000000002,69.1,8.56,7.36,11.03,6.56,2.89,11.91,18.75,8.4,9.16,7.04,4.72,9.55,7.18,13.92,0
326,121.52,63.26,8.73,6.9,9.8,4.98,1.39,9.65,18.08,9.1,8.62,6.45,4.82,9.01,6.78,17.21,0
187,119.22,59.57,7.17,6.33,8.37,7.17,1.73,10.79,13.86,8.72,8.7,6.4,4.88,9.99,7.18,17.93,0
124,116.49,60.78,6.44,5.54,9.43,6.65,2.11,10.6,15.59,8.2,8.98,5.36,5.41,9.79,6.17,16.22,0
854,113.84,58.81,9.67,7.05,9.11,6.37,1.18,11.83,13.02,8.53,8.62,5.88,5.4,8.18,7.65,11.35,1
609,107.09,59.36,8.57,4.77,9.22,5.63,2.89,8.26,14.6,8.47,8.06,5.89,4.57,7.99,6.41,11.76,1
144,118.86,64.35,8.29,6.95,11.81,6.4,1.88,8.69,16.57,9.66,9.07,7.01,4.44,7.95,6.95,13.19,0
959,113.73999999999998,61.52,8.71,6.74,9.49,5.76,1.54,9.4,19.53,8.64,9.02,4.19,4.48,7.82,6.35,12.07,1
198,114.13,60.08,8.8,7.93,9.25,5.28,1.69,8.5,14.92,9.03,8.33,5.51,5.33,9.3,6.61,13.65,1
610,112.92,58.27,7.47,5.04,11.23,5.33,1.82,10.27,14.23,8.66,9.9,5.77,4.66,7.76,6.48,14.3,1
280,125.03,66.74,8.76,4.43,10.93,4.63,2.04,10.85,17.66,9.19,8.85,6.4,5.24,11.08,7.51,17.46,0
294,115.01,61.58,9.71,4.97,8.97,5.55,2.14,9.53,15.43,9.09,8.41,6.4,4.66,8.72,6.89,14.54,1
401,122.49,62.86,7.75,4.51,10.12,7.52,2.32,11.38,16.22,9.58,9.23,6.39,5.05,7.49,6.39,18.54,0
123,116.37,60.7,8.92,6.02,8.49,5.27,1.91,11.55,15.0,9.37,9.08,5.29,4.53,11.29,6.58,13.07,0
184,120.1,64.9,6.55,5.7,11.58,7.32,1.92,11.0,18.63,8.86,9.12,5.85,5.46,7.59,7.45,13.07,0
203,119.36,59.51,6.43,5.67,11.29,7.18,1.98,9.33,14.07,9.35,9.82,4.99,5.04,8.53,7.55,18.13,0
439,119.10000000000002,64.35,9.22,5.18,9.94,7.11,2.0,9.49,18.42,8.75,9.08,6.07,5.17,6.42,7.77,14.48,0
247,118.67,64.01,9.53,6.42,11.05,5.91,2.75,11.76,15.64,8.98,8.44,4.62,5.97,8.54,6.54,12.52,0
416,115.36,59.42,8.06,4.61,8.32,4.72,1.68,8.48,15.04,9.27,8.33,6.65,5.74,9.21,7.18,18.07,1
933,123.75,63.78,7.97,7.17,8.43,7.32,1.21,9.39,19.6,9.78,8.65,4.22,5.01,10.02,7.88,17.1,0
766,125.36,64.96,9.51,6.35,8.39,5.33,2.7,11.05,16.53,9.23,8.79,6.75,4.68,11.07,7.88,17.1,0
907,118.9,63.16,9.12,7.71,8.99,7.2,2.56,9.41,16.29,8.93,9.25,5.0,4.96,9.04,6.27,14.17,0
836,124.69,64.01,8.23,6.36,9.88,6.29,2.48,9.59,15.83,8.92,8.4,5.5,5.42,10.38,7.79,19.62,0
888,118.74,63.51,7.33,5.46,10.37,5.88,1.54,11.38,18.74,8.68,9.13,6.37,5.07,8.21,6.45,14.13,0
130,112.89,61.73,8.72,5.62,10.32,5.15,1.28,8.55,15.76,8.82,9.02,7.03,5.37,8.1,7.43,11.72,1
638,106.93,55.97,6.98,5.85,8.56,4.98,1.6,9.13,13.95,8.96,8.98,4.84,5.25,9.81,6.59,11.45,1
403,124.19,62.89,6.8,7.5,10.78,5.81,1.78,9.74,15.58,9.28,8.91,5.88,5.83,10.43,7.48,18.39,0
785,128.48999999999998,67.12,7.27,7.44,10.86,7.15,2.85,11.36,14.44,8.8,8.1,7.36,5.46,11.73,6.83,18.84,0
771,113.89,61.58,8.87,4.74,11.39,5.93,1.76,10.45,15.11,8.26,8.7,4.59,5.01,8.92,6.41,13.75,1
736,120.49,62.57,9.32,5.87,10.16,6.27,2.89,11.8,12.7,8.2,8.59,7.56,5.29,8.38,6.41,17.05,0
914,115.31,61.64,7.68,7.25,11.43,5.06,1.88,9.35,16.54,8.28,8.95,4.81,5.02,9.22,7.53,12.31,1
220,117.27999999999996,62.02,8.18,6.28,11.51,6.66,2.83,10.83,12.3,9.38,9.86,5.96,4.79,9.79,6.11,12.8,0
642,111.9,58.67,8.67,6.15,9.77,6.17,2.12,10.12,13.37,8.58,8.78,5.79,4.82,7.96,6.24,13.36,1
916,111.91,58.96,6.57,4.39,10.5,4.19,2.57,10.83,15.72,8.86,8.92,5.76,5.5,8.15,6.55,13.4,1
753,125.83,70.11,8.87,5.08,10.45,6.55,1.97,9.55,19.04,9.2,9.6,6.75,4.91,11.57,7.09,15.2,0
807,118.95,59.14,9.11,7.52,10.15,6.32,2.29,10.59,13.35,9.09,9.61,4.45,4.44,9.03,7.76,15.24,0
920,111.7,57.12,6.81,5.55,10.3,4.79,1.8,10.27,16.99,9.38,9.32,4.58,4.7,7.15,6.14,13.92,1
625,111.44,57.0,7.33,4.45,9.29,4.86,1.97,8.57,13.5,8.85,9.48,7.1,5.34,7.61,7.14,15.95,1
875,111.21,56.94,8.8,7.08,8.15,6.79,2.15,8.93,14.06,8.93,8.56,4.63,4.57,7.79,6.7,14.07,1
761,120.01,63.58,9.5,5.2,8.36,5.51,1.45,9.66,15.27,8.41,9.1,7.2,5.27,11.02,7.89,16.17,0
387,120.62999999999998,65.63,8.74,5.14,9.6,6.34,1.6,9.53,16.71,8.95,8.89,7.6,5.63,9.41,7.52,14.97,0
973,117.2,57.06,8.14,5.87,10.13,6.73,2.33,11.53,14.11,9.6,8.92,4.31,4.9,6.41,7.06,17.16,0
510,116.98,63.98,7.31,5.1,10.72,6.22,2.47,10.83,16.1,8.97,8.5,6.81,4.71,9.64,6.87,12.73,0
268,115.33,60.32,8.2,6.81,8.39,7.02,2.67,8.93,14.82,8.88,9.66,4.67,4.38,10.17,6.29,14.44,1
820,117.42,59.77,8.56,6.58,8.94,5.21,1.65,10.87,14.27,9.45,8.93,4.77,4.93,11.44,7.0,14.82,0
442,122.13,64.42,8.05,5.15,10.38,5.33,2.17,10.57,17.88,9.42,8.99,6.66,4.18,9.77,7.52,16.06,0
497,107.2,57.31,7.63,5.18,9.46,4.3,2.15,9.28,16.74,8.58,9.06,5.36,4.9,6.77,6.2,11.59,1
113,110.78,57.5,7.1,6.08,11.19,4.87,1.44,9.22,17.04,9.67,9.19,4.03,4.94,6.89,6.64,12.48,1
692,122.93,64.88,6.98,6.88,11.45,7.63,1.65,11.11,16.29,9.55,8.8,7.26,5.36,8.26,7.56,14.15,0
233,116.91,65.53,8.78,4.89,9.88,6.97,2.58,9.79,15.92,9.29,9.14,5.16,5.25,10.99,7.29,10.98,0
870,118.88000000000002,63.84,7.74,6.97,10.76,7.42,2.6,9.1,18.59,8.87,9.9,4.95,5.08,6.7,7.14,13.06,0
608,112.76,58.41,6.71,6.28,10.3,6.58,2.51,10.52,14.45,9.39,8.36,5.27,4.68,7.91,6.54,13.26,1
672,119.61,64.26,7.39,5.36,9.02,5.36,1.12,9.14,19.25,9.92,9.94,6.42,4.85,10.85,6.94,14.05,0
374,111.37,55.24,6.19,5.22,8.81,6.04,1.55,9.53,13.47,8.59,8.67,4.44,5.73,9.01,7.32,16.8,1
982,107.9,55.54,8.39,6.08,9.26,6.87,1.71,10.23,13.31,9.67,8.11,4.67,4.14,7.19,6.43,11.84,1
843,110.22,55.02,7.76,7.49,9.48,5.85,1.85,11.47,14.19,9.47,9.41,5.46,4.39,6.04,6.81,10.55,1
234,121.30999999999996,62.5,8.54,6.32,8.57,5.86,2.28,9.59,16.44,8.79,8.52,6.36,5.16,9.29,7.78,17.81,0
786,120.02,60.48,6.26,5.86,11.31,4.51,2.3,11.0,18.68,9.55,8.89,5.85,4.78,6.79,6.52,17.72,0
677,137.79,74.76,9.74,6.4,11.59,6.58,2.86,11.23,19.79,9.54,9.8,7.66,5.65,10.89,7.68,18.38,0
318,116.11,61.63,8.44,6.48,10.6,4.41,1.36,9.56,17.14,9.31,9.24,5.74,4.71,9.23,7.21,12.68,0
649,124.43999999999998,65.59,6.97,6.93,10.62,7.89,1.82,11.48,18.53,8.56,9.0,5.69,5.1,8.97,7.61,15.27,0
411,119.56,63.49,8.16,5.88,9.87,6.39,1.7,10.38,16.1,9.65,8.72,7.86,5.43,7.98,6.51,14.93,0
899,106.36,55.46,7.06,6.1,10.01,4.6,2.76,8.76,13.24,9.04,8.57,6.7,5.06,6.03,6.94,11.49,1
710,119.15,60.34,9.46,5.86,10.7,4.72,2.49,10.38,14.04,9.13,9.09,5.24,5.27,8.42,7.4,16.95,0
359,122.11,62.86,9.1,5.88,8.68,6.95,2.29,10.91,13.61,9.3,9.44,7.51,4.36,10.36,7.24,16.48,0
259,125.55,66.96,9.12,5.89,10.63,4.74,2.33,9.93,17.3,9.24,9.87,6.9,5.24,10.7,7.33,16.33,0
745,122.06000000000002,62.87,8.8,5.68,10.59,5.24,2.37,10.94,15.64,9.86,8.14,6.54,5.74,7.95,7.06,17.51,0
628,119.65,63.51,7.98,5.7,10.42,6.57,2.15,10.31,14.7,8.78,9.03,6.27,4.84,10.58,6.45,15.87,0
633,120.42000000000002,63.75,9.56,6.78,9.14,6.55,1.49,10.66,15.61,9.0,8.69,6.78,5.48,9.14,7.45,14.09,0
283,114.12,60.17,7.26,7.09,10.34,5.73,1.92,8.93,13.99,9.3,9.27,5.41,5.57,9.95,6.4,12.96,1
377,121.13,65.72,6.07,5.36,9.66,7.52,2.08,9.28,18.96,9.43,9.73,5.65,5.39,10.39,7.61,14.0,0
385,124.32,63.47,8.58,5.79,10.56,6.81,1.94,11.0,14.65,8.95,9.8,5.03,5.2,10.7,6.86,18.45,0
225,113.82999999999998,58.02,6.93,5.9,9.41,6.76,2.44,11.18,13.77,8.89,9.33,5.43,4.7,8.58,6.46,14.05,1
954,116.82,62.94,8.12,4.21,10.0,6.74,2.41,8.63,15.24,8.76,8.36,5.95,5.23,9.25,6.98,16.94,0
815,122.29,67.43,9.27,7.59,11.69,7.95,1.56,10.18,15.19,8.11,9.09,5.61,5.54,10.62,7.13,12.76,0
473,125.88,70.06,7.57,4.66,11.22,7.02,2.83,8.51,19.14,8.25,8.4,6.25,5.02,11.01,7.1,18.9,0
348,110.23,59.5,6.59,5.01,10.17,4.82,1.7,9.51,16.15,8.83,9.69,5.5,5.26,9.31,6.58,11.11,1
506,118.19,65.5,8.55,4.92,9.19,6.54,1.12,9.05,16.63,9.29,9.21,7.33,5.31,10.83,7.74,12.48,0
640,112.78,60.66,7.82,6.49,8.69,5.43,1.72,8.48,18.86,9.32,8.86,5.99,5.4,6.75,6.22,12.75,1
988,118.70000000000002,64.93,9.1,5.83,10.59,4.92,1.51,8.84,17.32,8.53,8.09,7.34,5.4,8.75,6.14,16.34,0
929,104.35,53.79,7.38,4.17,9.24,4.42,2.63,8.62,12.5,8.22,8.32,4.14,4.9,8.58,7.46,13.77,1
906,122.28000000000002,64.52,8.0,5.22,10.23,7.66,1.16,11.6,19.1,9.09,9.7,6.78,4.45,7.14,6.09,16.06,0
620,113.23,58.87,7.34,5.98,11.49,5.99,1.8,10.79,14.63,8.64,8.29,4.77,4.59,8.26,7.28,13.38,1
856,116.41,64.71,7.7,5.76,11.41,7.25,2.16,9.5,15.97,9.73,8.75,6.41,5.06,8.75,7.73,10.23,0
804,118.07000000000002,59.28,8.05,6.27,8.99,6.24,1.73,9.31,15.33,8.42,8.58,5.29,4.73,8.92,6.84,19.37,0
646,117.12,61.0,8.4,5.23,10.92,6.96,2.48,10.82,14.0,9.67,9.37,4.75,4.77,8.72,6.66,14.37,0
847,119.27,58.95,8.62,6.08,9.89,5.32,1.71,10.46,12.52,8.53,8.5,7.79,4.23,8.87,7.22,19.53,0
